Workbook
Name L_Type: OFFSET(Lists!$A$5,0,0,MAX(1,COUNTA(Lists!$A$5:$A$60)),1)
Name L_Region: OFFSET(Lists!$B$5,0,0,MAX(1,COUNTA(Lists!$B$5:$B$60)),1)
Name L_Situation: OFFSET(Lists!$C$5,0,0,MAX(1,COUNTA(Lists!$C$5:$C$60)),1)
Name L_YNU: OFFSET(Lists!$D$5,0,0,MAX(1,COUNTA(Lists!$D$5:$D$60)),1)
Name L_Service: OFFSET(Lists!$E$5,0,0,MAX(1,COUNTA(Lists!$E$5:$E$60)),1)
Name L_Need: OFFSET(Lists!$F$5,0,0,MAX(1,COUNTA(Lists!$F$5:$F$60)),1)
Name L_Stage: OFFSET(Lists!$G$5,0,0,MAX(1,COUNTA(Lists!$G$5:$G$60)),1)
Name L_Tick: OFFSET(Lists!$H$5,0,0,MAX(1,COUNTA(Lists!$H$5:$H$60)),1)
Name L_YesNo: OFFSET(Lists!$I$5,0,0,MAX(1,COUNTA(Lists!$I$5:$I$60)),1)
Name L_EventType: OFFSET(Lists!$J$5,0,0,MAX(1,COUNTA(Lists!$J$5:$J$60)),1)
Name f_Id: Setup!$D$6
Name f_Time: Setup!$D$7
Name f_Name: Setup!$D$8
Name f_Email: Setup!$D$9
Name f_Phone: Setup!$D$10
Name f_City: Setup!$D$11
Name f_Who: Setup!$D$12
Name f_Org1: Setup!$D$13
Name f_Org2: Setup!$D$14
Name f_Region: Setup!$D$15
Name f_Sit: Setup!$D$16
Name f_Appr: Setup!$D$17
Name f_Trade: Setup!$D$18
Name f_SelfID: Setup!$D$19
Name f_Need: Setup!$D$20
Name f_Consent: Setup!$D$21
Name f_Event: Setup!$D$22
Name FormData: Sheet1!$A$1:$AZ$5000
Name FormHdr: Sheet1!$A$1:$AZ$1
Name DueSoon: Setup!$C$26
Name WhoKW: Setup!$B$46:$B$67
Name WhoVal: Setup!$C$46:$C$67
Name SitKW: Setup!$E$46:$E$67
Name SitVal: Setup!$F$46:$F$67
Name EvID: Events!$A$5:$A$104
Name EvDate: Events!$B$5:$B$104
Name EvName: Events!$C$5:$C$104

Sheet Start Here
B1: BOOST Ontario — Participant Tracker
B2: Literacy Link South Central · Version 4 · October 2026
B5: THE IDEA
B6: Private by design | C6: People are tracked by Participant # and initials. Names, emails and phone numbers stay in the Microsoft Forms response sheet and only appear on Contact Card, one person at a time.
B7: One number links it | C7: Type the form's Response ID on a People row. Event, date, initials, type, region and consent fill themselves.
B8: Notes are the point | C8: Contact details can always be looked up again. What someone told you at the table can't — that's what Conversation Notes is for.
B10: BEFORE THE EVENT
B11: 1. Events | C11: Add a row: Event ID (EV-013, EV-014 …) and the DATE. Sign-ups find their event by the date, so the date matters most.
B13: AT THE TABLE
B14: 2. They scan the QR | C14: The form does the capturing. Nothing to type in the tracker yet.
B15: Walk-ups | C15: No form? Add a People row: type the date in Registered On, their initials, and the Contact Type. The Event ID fills from the date.
B17: AFTER THE EVENT
B18: 3. New Sign-Ups | C18: Shows everyone who filled in the form. Anyone marked → add isn't on People yet.
B19: 4. People | C19: For each one, type the Response ID in column U on the next empty row. Then add Service Level, Main Need, Stage and your notes.
B20: 5. Follow-Ups | C20: Tick Follow-Up Needed and give it a due date. Follow-Ups lists everyone you owe a call, soonest first. Enter the date in Follow-Up Done when it's done.
B21: 6. Event Report | C21: Pick the Event ID, write your note to the reader, then File → Print → Save as PDF. It shows initials only, so it's safe to send.
B23: WHEN YOU NEED TO CALL
B24: Contact Card | C24: Type the Participant #. Name, email and phone appear. Clear the box afterwards. Never screen-share this tab.
B26: COLOURS
B27: Header colours | C27: Teal = fills itself from the form, but you can type over it. Navy = yours. Grey = counts itself. Orange = the link (Form Response ID).
B28: Cell colours | C28: Yellow = type here. Red on Event ID = no event matched that date. Amber on Event ID = two events on the same day, so check it. Light grey = doesn't apply to this contact type.
B30: PRIVACY RULES
B31: In notes | C31: Write what they need and what you agreed, not who they are. No health details, diagnoses, SIN, dates of birth or addresses.
B32: Self-identification | C32: Never typed into the tracker. The Dashboard counts it straight from the form as totals only.
B33: Consent = No | C33: Shows in red on People and Contact Card. Don't contact them.
B34: Sharing | C34: People, Events, Follow-Ups, Event Report and Dashboard hold no contact details. Contact Card and Sheet1 do.
B36: CONNECTING THE FORM
B37: Where responses live | C37: Microsoft Forms writes responses to “Event Registration - Literacy Link South Central.xlsx” (OneDrive → Documents), on a sheet called Sheet1.
B38: Option A — paste (simplest) | C38: In Forms: Responses → Open in Excel. Select all on that sheet, copy, and paste over this file's Sheet1 at A1. Takes 30 seconds after each event.
B39: Option B — live | C39: Copy every tab EXCEPT Sheet1 into the Forms workbook (right-click a tab → Move or Copy → tick Create a copy; do Lists and Setup first). Then Data → Edit Links → Change Source → choose the Forms workbook itself, so the formulas point at its real Sheet1.
B40: Setup tab | C40: If a heading on the form is worded differently, Setup will show ✗. Type a word from the real heading into the yellow cell and it reconnects.
B42: DON'T
B43: … | C43: Don't delete or rename Sheet1. Don't delete rows on People — clear them instead (Participant #s must stay unique). Don't unhide and edit the grey helper columns (W–Z on People).

Sheet People
A1: People
A2: One row per person you speak with. Initials and a number only — names, emails and phones stay in the form.
A3: ◀ ID | B3: AUTO — fills from the form once you type the Form Response ID (col U). Type over any of these to change that row. | K3: YOURS — the conversation | U3: LINK
A4: Participant # | B4: Event ID | C4: Registered On | D4: Initials | E4: Contact Type | F4: Organization | G4: Region | H4: Situation | I4: Reg. Apprentice | J4: Trade | K4: Service Level | L4: Main Need | M4: Stage | N4: Conversation Notes | O4: Materials Given | P4: Follow-Up Needed | Q4: Follow-Up Due | R4: Follow-Up Done | S4: Follow-Up Status | T4: Consent | U4: Form Response ID | V4: Form Check | W4: _form row | X4: _report | Y4: _follow-up | Z4: _in use
A5: P-0001 | B5: =IF(AND($U5="",$C5=""),"",IFERROR(INDEX(EvID,MATCH(INDEX(FormData,$W5,f_Event),EvID,0)),IFERROR(INDEX(EvID,MATCH(INDEX(FormData,$W5,f_Event),EvName,0)),IFERROR(INDEX(EvID,MATCH(INT($C5),EvDate,0)),"")))) | C5: =IF($W5="","",INDEX(FormData,$W5,f_Time)) | D5: =IF($W5="","",IFERROR(UPPER(LEFT(TRIM(INDEX(FormData,$W5,f_Name)),1)&IFERROR(MID(TRIM(INDEX(FormData,$W5,f_Name)),FIND("^",SUBSTITUTE(TRIM(INDEX(FormData,$W5,f_Name))," ","^",LEN(TRIM(INDEX(FormData,$W5,f_Name)))-LEN(SUBSTITUTE(TRIM(INDEX(FormData,$W5,f_Name))," ",""))))+1,1),"")),"")) | E5: =IF($W5="","",IFERROR(IF(SUMPRODUCT(MAX((WhoKW<>"")*ISNUMBER(SEARCH(WhoKW,INDEX(FormData,$W5,f_Who)&""))*(ROW(WhoKW)-MIN(ROW(WhoKW))+1)))=0,"",INDEX(WhoVal,SUMPRODUCT(MAX((WhoKW<>"")*ISNUMBER(SEARCH(WhoKW,INDEX(FormData,$W5,f_Who)&""))*(ROW(WhoKW)-MIN(ROW(WhoKW))+1))))),"")) | F5: =IF($W5="","",TRIM(IFERROR(INDEX(FormData,$W5,f_Org1)&"","")&" "&IFERROR(INDEX(FormData,$W5,f_Org2)&"",""))) | G5: =IF($W5="","",IFERROR(INDEX(FormData,$W5,f_Region)&"","")) | H5: =IF($W5="","",IFERROR(IF(SUMPRODUCT(MAX((SitKW<>"")*ISNUMBER(SEARCH(SitKW,INDEX(FormData,$W5,f_Sit)&""))*(ROW(SitKW)-MIN(ROW(SitKW))+1)))=0,"",INDEX(SitVal,SUMPRODUCT(MAX((SitKW<>"")*ISNUMBER(SEARCH(SitKW,INDEX(FormData,$W5,f_Sit)&""))*(ROW(SitKW)-MIN(ROW(SitKW))+1))))),"")) | I5: =IF($W5="","",IFERROR(INDEX(FormData,$W5,f_Appr)&"","")) | J5: =IF($W5="","",IFERROR(INDEX(FormData,$W5,f_Trade)&"","")) | S5: =IF($P5<>"✓","",IF($R5<>"","Done",IF($Q5="","Open — no date",IF($Q5<TODAY(),"Overdue",IF($Q5-TODAY()<=DueSoon,"Due soon","Scheduled"))))) | T5: =IF($W5="","",IFERROR(IF(INDEX(FormData,$W5,f_Consent)&""="","",IF(ISNUMBER(SEARCH("yes",INDEX(FormData,$W5,f_Consent))),"Yes","No")),"")) | V5: =IF($U5="","",IF($W5="","not found","✓")) | W5: =IF($U5="","",IFERROR(MATCH($U5,INDEX(FormData,0,f_Id),0),IFERROR(MATCH(--$U5,INDEX(FormData,0,f_Id),0),IFERROR(MATCH($U5&"",INDEX(FormData,0,f_Id),0),"")))) | X5: =IF(AND($B5<>"",$B5='Event Report'!$C$3),ROW(),"") | Y5: =IF(AND($P5="✓",$R5=""),IF($Q5="",90000,$Q5)+ROW()/100000,"") | Z5: =IF(OR($U5<>"",$D5<>"",$E5<>"",$N5<>""),1,"")
A6: P-0002 | B6: =IF(AND($U6="",$C6=""),"",IFERROR(INDEX(EvID,MATCH(INDEX(FormData,$W6,f_Event),EvID,0)),IFERROR(INDEX(EvID,MATCH(INDEX(FormData,$W6,f_Event),EvName,0)),IFERROR(INDEX(EvID,MATCH(INT($C6),EvDate,0)),"")))) | C6: =IF($W6="","",INDEX(FormData,$W6,f_Time)) | D6: =IF($W6="","",IFERROR(UPPER(LEFT(TRIM(INDEX(FormData,$W6,f_Name)),1)&IFERROR(MID(TRIM(INDEX(FormData,$W6,f_Name)),FIND("^",SUBSTITUTE(TRIM(INDEX(FormData,$W6,f_Name))," ","^",LEN(TRIM(INDEX(FormData,$W6,f_Name)))-LEN(SUBSTITUTE(TRIM(INDEX(FormData,$W6,f_Name))," ",""))))+1,1),"")),"")) | E6: =IF($W6="","",IFERROR(IF(SUMPRODUCT(MAX((WhoKW<>"")*ISNUMBER(SEARCH(WhoKW,INDEX(FormData,$W6,f_Who)&""))*(ROW(WhoKW)-MIN(ROW(WhoKW))+1)))=0,"",INDEX(WhoVal,SUMPRODUCT(MAX((WhoKW<>"")*ISNUMBER(SEARCH(WhoKW,INDEX(FormData,$W6,f_Who)&""))*(ROW(WhoKW)-MIN(ROW(WhoKW))+1))))),"")) | F6: =IF($W6="","",TRIM(IFERROR(INDEX(FormData,$W6,f_Org1)&"","")&" "&IFERROR(INDEX(FormData,$W6,f_Org2)&"",""))) | G6: =IF($W6="","",IFERROR(INDEX(FormData,$W6,f_Region)&"","")) | H6: =IF($W6="","",IFERROR(IF(SUMPRODUCT(MAX((SitKW<>"")*ISNUMBER(SEARCH(SitKW,INDEX(FormData,$W6,f_Sit)&""))*(ROW(SitKW)-MIN(ROW(SitKW))+1)))=0,"",INDEX(SitVal,SUMPRODUCT(MAX((SitKW<>"")*ISNUMBER(SEARCH(SitKW,INDEX(FormData,$W6,f_Sit)&""))*(ROW(SitKW)-MIN(ROW(SitKW))+1))))),"")) | I6: =IF($W6="","",IFERROR(INDEX(FormData,$W6,f_Appr)&"","")) | J6: =IF($W6="","",IFERROR(INDEX(FormData,$W6,f_Trade)&"","")) | S6: =IF($P6<>"✓","",IF($R6<>"","Done",IF($Q6="","Open — no date",IF($Q6<TODAY(),"Overdue",IF($Q6-TODAY()<=DueSoon,"Due soon","Scheduled"))))) | T6: =IF($W6="","",IFERROR(IF(INDEX(FormData,$W6,f_Consent)&""="","",IF(ISNUMBER(SEARCH("yes",INDEX(FormData,$W6,f_Consent))),"Yes","No")),"")) | V6: =IF($U6="","",IF($W6="","not found","✓")) | W6: =IF($U6="","",IFERROR(MATCH($U6,INDEX(FormData,0,f_Id),0),IFERROR(MATCH(--$U6,INDEX(FormData,0,f_Id),0),IFERROR(MATCH($U6&"",INDEX(FormData,0,f_Id),0),"")))) | X6: =IF(AND($B6<>"",$B6='Event Report'!$C$3),ROW(),"") | Y6: =IF(AND($P6="✓",$R6=""),IF($Q6="",90000,$Q6)+ROW()/100000,"") | Z6: =IF(OR($U6<>"",$D6<>"",$E6<>"",$N6<>""),1,"")
A7: P-0003 | B7: =IF(AND($U7="",$C7=""),"",IFERROR(INDEX(EvID,MATCH(INDEX(FormData,$W7,f_Event),EvID,0)),IFERROR(INDEX(EvID,MATCH(INDEX(FormData,$W7,f_Event),EvName,0)),IFERROR(INDEX(EvID,MATCH(INT($C7),EvDate,0)),"")))) | C7: =IF($W7="","",INDEX(FormData,$W7,f_Time)) | D7: =IF($W7="","",IFERROR(UPPER(LEFT(TRIM(INDEX(FormData,$W7,f_Name)),1)&IFERROR(MID(TRIM(INDEX(FormData,$W7,f_Name)),FIND("^",SUBSTITUTE(TRIM(INDEX(FormData,$W7,f_Name))," ","^",LEN(TRIM(INDEX(FormData,$W7,f_Name)))-LEN(SUBSTITUTE(TRIM(INDEX(FormData,$W7,f_Name))," ",""))))+1,1),"")),"")) | E7: =IF($W7="","",IFERROR(IF(SUMPRODUCT(MAX((WhoKW<>"")*ISNUMBER(SEARCH(WhoKW,INDEX(FormData,$W7,f_Who)&""))*(ROW(WhoKW)-MIN(ROW(WhoKW))+1)))=0,"",INDEX(WhoVal,SUMPRODUCT(MAX((WhoKW<>"")*ISNUMBER(SEARCH(WhoKW,INDEX(FormData,$W7,f_Who)&""))*(ROW(WhoKW)-MIN(ROW(WhoKW))+1))))),"")) | F7: =IF($W7="","",TRIM(IFERROR(INDEX(FormData,$W7,f_Org1)&"","")&" "&IFERROR(INDEX(FormData,$W7,f_Org2)&"",""))) | G7: =IF($W7="","",IFERROR(INDEX(FormData,$W7,f_Region)&"","")) | H7: =IF($W7="","",IFERROR(IF(SUMPRODUCT(MAX((SitKW<>"")*ISNUMBER(SEARCH(SitKW,INDEX(FormData,$W7,f_Sit)&""))*(ROW(SitKW)-MIN(ROW(SitKW))+1)))=0,"",INDEX(SitVal,SUMPRODUCT(MAX((SitKW<>"")*ISNUMBER(SEARCH(SitKW,INDEX(FormData,$W7,f_Sit)&""))*(ROW(SitKW)-MIN(ROW(SitKW))+1))))),"")) | I7: =IF($W7="","",IFERROR(INDEX(FormData,$W7,f_Appr)&"","")) | J7: =IF($W7="","",IFERROR(INDEX(FormData,$W7,f_Trade)&"","")) | S7: =IF($P7<>"✓","",IF($R7<>"","Done",IF($Q7="","Open — no date",IF($Q7<TODAY(),"Overdue",IF($Q7-TODAY()<=DueSoon,"Due soon","Scheduled"))))) | T7: =IF($W7="","",IFERROR(IF(INDEX(FormData,$W7,f_Consent)&""="","",IF(ISNUMBER(SEARCH("yes",INDEX(FormData,$W7,f_Consent))),"Yes","No")),"")) | V7: =IF($U7="","",IF($W7="","not found","✓")) | W7: =IF($U7="","",IFERROR(MATCH($U7,INDEX(FormData,0,f_Id),0),IFERROR(MATCH(--$U7,INDEX(FormData,0,f_Id),0),IFERROR(MATCH($U7&"",INDEX(FormData,0,f_Id),0),"")))) | X7: =IF(AND($B7<>"",$B7='Event Report'!$C$3),ROW(),"") | Y7: =IF(AND($P7="✓",$R7=""),IF($Q7="",90000,$Q7)+ROW()/100000,"") | Z7: =IF(OR($U7<>"",$D7<>"",$E7<>"",$N7<>""),1,"")
A8: P-0004 | B8: =IF(AND($U8="",$C8=""),"",IFERROR(INDEX(EvID,MATCH(INDEX(FormData,$W8,f_Event),EvID,0)),IFERROR(INDEX(EvID,MATCH(INDEX(FormData,$W8,f_Event),EvName,0)),IFERROR(INDEX(EvID,MATCH(INT($C8),EvDate,0)),"")))) | C8: =IF($W8="","",INDEX(FormData,$W8,f_Time)) | D8: =IF($W8="","",IFERROR(UPPER(LEFT(TRIM(INDEX(FormData,$W8,f_Name)),1)&IFERROR(MID(TRIM(INDEX(FormData,$W8,f_Name)),FIND("^",SUBSTITUTE(TRIM(INDEX(FormData,$W8,f_Name))," ","^",LEN(TRIM(INDEX(FormData,$W8,f_Name)))-LEN(SUBSTITUTE(TRIM(INDEX(FormData,$W8,f_Name))," ",""))))+1,1),"")),"")) | E8: =IF($W8="","",IFERROR(IF(SUMPRODUCT(MAX((WhoKW<>"")*ISNUMBER(SEARCH(WhoKW,INDEX(FormData,$W8,f_Who)&""))*(ROW(WhoKW)-MIN(ROW(WhoKW))+1)))=0,"",INDEX(WhoVal,SUMPRODUCT(MAX((WhoKW<>"")*ISNUMBER(SEARCH(WhoKW,INDEX(FormData,$W8,f_Who)&""))*(ROW(WhoKW)-MIN(ROW(WhoKW))+1))))),"")) | F8: =IF($W8="","",TRIM(IFERROR(INDEX(FormData,$W8,f_Org1)&"","")&" "&IFERROR(INDEX(FormData,$W8,f_Org2)&"",""))) | G8: =IF($W8="","",IFERROR(INDEX(FormData,$W8,f_Region)&"","")) | H8: =IF($W8="","",IFERROR(IF(SUMPRODUCT(MAX((SitKW<>"")*ISNUMBER(SEARCH(SitKW,INDEX(FormData,$W8,f_Sit)&""))*(ROW(SitKW)-MIN(ROW(SitKW))+1)))=0,"",INDEX(SitVal,SUMPRODUCT(MAX((SitKW<>"")*ISNUMBER(SEARCH(SitKW,INDEX(FormData,$W8,f_Sit)&""))*(ROW(SitKW)-MIN(ROW(SitKW))+1))))),"")) | I8: =IF($W8="","",IFERROR(INDEX(FormData,$W8,f_Appr)&"","")) | J8: =IF($W8="","",IFERROR(INDEX(FormData,$W8,f_Trade)&"","")) | S8: =IF($P8<>"✓","",IF($R8<>"","Done",IF($Q8="","Open — no date",IF($Q8<TODAY(),"Overdue",IF($Q8-TODAY()<=DueSoon,"Due soon","Scheduled"))))) | T8: =IF($W8="","",IFERROR(IF(INDEX(FormData,$W8,f_Consent)&""="","",IF(ISNUMBER(SEARCH("yes",INDEX(FormData,$W8,f_Consent))),"Yes","No")),"")) | V8: =IF($U8="","",IF($W8="","not found","✓")) | W8: =IF($U8="","",IFERROR(MATCH($U8,INDEX(FormData,0,f_Id),0),IFERROR(MATCH(--$U8,INDEX(FormData,0,f_Id),0),IFERROR(MATCH($U8&"",INDEX(FormData,0,f_Id),0),"")))) | X8: =IF(AND($B8<>"",$B8='Event Report'!$C$3),ROW(),"") | Y8: =IF(AND($P8="✓",$R8=""),IF($Q8="",90000,$Q8)+ROW()/100000,"") | Z8: =IF(OR($U8<>"",$D8<>"",$E8<>"",$N8<>""),1,"")
A9: P-0005 | B9: =IF(AND($U9="",$C9=""),"",IFERROR(INDEX(EvID,MATCH(INDEX(FormData,$W9,f_Event),EvID,0)),IFERROR(INDEX(EvID,MATCH(INDEX(FormData,$W9,f_Event),EvName,0)),IFERROR(INDEX(EvID,MATCH(INT($C9),EvDate,0)),"")))) | C9: =IF($W9="","",INDEX(FormData,$W9,f_Time)) | D9: =IF($W9="","",IFERROR(UPPER(LEFT(TRIM(INDEX(FormData,$W9,f_Name)),1)&IFERROR(MID(TRIM(INDEX(FormData,$W9,f_Name)),FIND("^",SUBSTITUTE(TRIM(INDEX(FormData,$W9,f_Name))," ","^",LEN(TRIM(INDEX(FormData,$W9,f_Name)))-LEN(SUBSTITUTE(TRIM(INDEX(FormData,$W9,f_Name))," ",""))))+1,1),"")),"")) | E9: =IF($W9="","",IFERROR(IF(SUMPRODUCT(MAX((WhoKW<>"")*ISNUMBER(SEARCH(WhoKW,INDEX(FormData,$W9,f_Who)&""))*(ROW(WhoKW)-MIN(ROW(WhoKW))+1)))=0,"",INDEX(WhoVal,SUMPRODUCT(MAX((WhoKW<>"")*ISNUMBER(SEARCH(WhoKW,INDEX(FormData,$W9,f_Who)&""))*(ROW(WhoKW)-MIN(ROW(WhoKW))+1))))),"")) | F9: =IF($W9="","",TRIM(IFERROR(INDEX(FormData,$W9,f_Org1)&"","")&" "&IFERROR(INDEX(FormData,$W9,f_Org2)&"",""))) | G9: =IF($W9="","",IFERROR(INDEX(FormData,$W9,f_Region)&"","")) | H9: =IF($W9="","",IFERROR(IF(SUMPRODUCT(MAX((SitKW<>"")*ISNUMBER(SEARCH(SitKW,INDEX(FormData,$W9,f_Sit)&""))*(ROW(SitKW)-MIN(ROW(SitKW))+1)))=0,"",INDEX(SitVal,SUMPRODUCT(MAX((SitKW<>"")*ISNUMBER(SEARCH(SitKW,INDEX(FormData,$W9,f_Sit)&""))*(ROW(SitKW)-MIN(ROW(SitKW))+1))))),"")) | I9: =IF($W9="","",IFERROR(INDEX(FormData,$W9,f_Appr)&"","")) | J9: =IF($W9="","",IFERROR(INDEX(FormData,$W9,f_Trade)&"","")) | S9: =IF($P9<>"✓","",IF($R9<>"","Done",IF($Q9="","Open — no date",IF($Q9<TODAY(),"Overdue",IF($Q9-TODAY()<=DueSoon,"Due soon","Scheduled"))))) | T9: =IF($W9="","",IFERROR(IF(INDEX(FormData,$W9,f_Consent)&""="","",IF(ISNUMBER(SEARCH("yes",INDEX(FormData,$W9,f_Consent))),"Yes","No")),"")) | V9: =IF($U9="","",IF($W9="","not found","✓")) | W9: =IF($U9="","",IFERROR(MATCH($U9,INDEX(FormData,0,f_Id),0),IFERROR(MATCH(--$U9,INDEX(FormData,0,f_Id),0),IFERROR(MATCH($U9&"",INDEX(FormData,0,f_Id),0),"")))) | X9: =IF(AND($B9<>"",$B9='Event Report'!$C$3),ROW(),"") | Y9: =IF(AND($P9="✓",$R9=""),IF($Q9="",90000,$Q9)+ROW()/100000,"") | Z9: =IF(OR($U9<>"",$D9<>"",$E9<>"",$N9<>""),1,"")
A10: P-0006 | B10: =IF(AND($U10="",$C10=""),"",IFERROR(INDEX(EvID,MATCH(INDEX(FormData,$W10,f_Event),EvID,0)),IFERROR(INDEX(EvID,MATCH(INDEX(FormData,$W10,f_Event),EvName,0)),IFERROR(INDEX(EvID,MATCH(INT($C10),EvDate,0)),"")))) | C10: =IF($W10="","",INDEX(FormData,$W10,f_Time)) | D10: =IF($W10="","",IFERROR(UPPER(LEFT(TRIM(INDEX(FormData,$W10,f_Name)),1)&IFERROR(MID(TRIM(INDEX(FormData,$W10,f_Name)),FIND("^",SUBSTITUTE(TRIM(INDEX(FormData,$W10,f_Name))," ","^",LEN(TRIM(INDEX(FormData,$W10,f_Name)))-LEN(SUBSTITUTE(TRIM(INDEX(FormData,$W10,f_Name))," ",""))))+1,1),"")),"")) | E10: =IF($W10="","",IFERROR(IF(SUMPRODUCT(MAX((WhoKW<>"")*ISNUMBER(SEARCH(WhoKW,INDEX(FormData,$W10,f_Who)&""))*(ROW(WhoKW)-MIN(ROW(WhoKW))+1)))=0,"",INDEX(WhoVal,SUMPRODUCT(MAX((WhoKW<>"")*ISNUMBER(SEARCH(WhoKW,INDEX(FormData,$W10,f_Who)&""))*(ROW(WhoKW)-MIN(ROW(WhoKW))+1))))),"")) | F10: =IF($W10="","",TRIM(IFERROR(INDEX(FormData,$W10,f_Org1)&"","")&" "&IFERROR(INDEX(FormData,$W10,f_Org2)&"",""))) | G10: =IF($W10="","",IFERROR(INDEX(FormData,$W10,f_Region)&"","")) | H10: =IF($W10="","",IFERROR(IF(SUMPRODUCT(MAX((SitKW<>"")*ISNUMBER(SEARCH(SitKW,INDEX(FormData,$W10,f_Sit)&""))*(ROW(SitKW)-MIN(ROW(SitKW))+1)))=0,"",INDEX(SitVal,SUMPRODUCT(MAX((SitKW<>"")*ISNUMBER(SEARCH(SitKW,INDEX(FormData,$W10,f_Sit)&""))*(ROW(SitKW)-MIN(ROW(SitKW))+1))))),"")) | I10: =IF($W10="","",IFERROR(INDEX(FormData,$W10,f_Appr)&"","")) | J10: =IF($W10="","",IFERROR(INDEX(FormData,$W10,f_Trade)&"","")) | S10: =IF($P10<>"✓","",IF($R10<>"","Done",IF($Q10="","Open — no date",IF($Q10<TODAY(),"Overdue",IF($Q10-TODAY()<=DueSoon,"Due soon","Scheduled"))))) | T10: =IF($W10="","",IFERROR(IF(INDEX(FormData,$W10,f_Consent)&""="","",IF(ISNUMBER(SEARCH("yes",INDEX(FormData,$W10,f_Consent))),"Yes","No")),"")) | V10: =IF($U10="","",IF($W10="","not found","✓")) | W10: =IF($U10="","",IFERROR(MATCH($U10,INDEX(FormData,0,f_Id),0),IFERROR(MATCH(--$U10,INDEX(FormData,0,f_Id),0),IFERROR(MATCH($U10&"",INDEX(FormData,0,f_Id),0),"")))) | X10: =IF(AND($B10<>"",$B10='Event Report'!$C$3),ROW(),"") | Y10: =IF(AND($P10="✓",$R10=""),IF($Q10="",90000,$Q10)+ROW()/100000,"") | Z10: =IF(OR($U10<>"",$D10<>"",$E10<>"",$N10<>""),1,"")
A11: P-0007 | B11: =IF(AND($U11="",$C11=""),"",IFERROR(INDEX(EvID,MATCH(INDEX(FormData,$W11,f_Event),EvID,0)),IFERROR(INDEX(EvID,MATCH(INDEX(FormData,$W11,f_Event),EvName,0)),IFERROR(INDEX(EvID,MATCH(INT($C11),EvDate,0)),"")))) | C11: =IF($W11="","",INDEX(FormData,$W11,f_Time)) | D11: =IF($W11="","",IFERROR(UPPER(LEFT(TRIM(INDEX(FormData,$W11,f_Name)),1)&IFERROR(MID(TRIM(INDEX(FormData,$W11,f_Name)),FIND("^",SUBSTITUTE(TRIM(INDEX(FormData,$W11,f_Name))," ","^",LEN(TRIM(INDEX(FormData,$W11,f_Name)))-LEN(SUBSTITUTE(TRIM(INDEX(FormData,$W11,f_Name))," ",""))))+1,1),"")),"")) | E11: =IF($W11="","",IFERROR(IF(SUMPRODUCT(MAX((WhoKW<>"")*ISNUMBER(SEARCH(WhoKW,INDEX(FormData,$W11,f_Who)&""))*(ROW(WhoKW)-MIN(ROW(WhoKW))+1)))=0,"",INDEX(WhoVal,SUMPRODUCT(MAX((WhoKW<>"")*ISNUMBER(SEARCH(WhoKW,INDEX(FormData,$W11,f_Who)&""))*(ROW(WhoKW)-MIN(ROW(WhoKW))+1))))),"")) | F11: =IF($W11="","",TRIM(IFERROR(INDEX(FormData,$W11,f_Org1)&"","")&" "&IFERROR(INDEX(FormData,$W11,f_Org2)&"",""))) | G11: =IF($W11="","",IFERROR(INDEX(FormData,$W11,f_Region)&"","")) | H11: =IF($W11="","",IFERROR(IF(SUMPRODUCT(MAX((SitKW<>"")*ISNUMBER(SEARCH(SitKW,INDEX(FormData,$W11,f_Sit)&""))*(ROW(SitKW)-MIN(ROW(SitKW))+1)))=0,"",INDEX(SitVal,SUMPRODUCT(MAX((SitKW<>"")*ISNUMBER(SEARCH(SitKW,INDEX(FormData,$W11,f_Sit)&""))*(ROW(SitKW)-MIN(ROW(SitKW))+1))))),"")) | I11: =IF($W11="","",IFERROR(INDEX(FormData,$W11,f_Appr)&"","")) | J11: =IF($W11="","",IFERROR(INDEX(FormData,$W11,f_Trade)&"","")) | S11: =IF($P11<>"✓","",IF($R11<>"","Done",IF($Q11="","Open — no date",IF($Q11<TODAY(),"Overdue",IF($Q11-TODAY()<=DueSoon,"Due soon","Scheduled"))))) | T11: =IF($W11="","",IFERROR(IF(INDEX(FormData,$W11,f_Consent)&""="","",IF(ISNUMBER(SEARCH("yes",INDEX(FormData,$W11,f_Consent))),"Yes","No")),"")) | V11: =IF($U11="","",IF($W11="","not found","✓")) | W11: =IF($U11="","",IFERROR(MATCH($U11,INDEX(FormData,0,f_Id),0),IFERROR(MATCH(--$U11,INDEX(FormData,0,f_Id),0),IFERROR(MATCH($U11&"",INDEX(FormData,0,f_Id),0),"")))) | X11: =IF(AND($B11<>"",$B11='Event Report'!$C$3),ROW(),"") | Y11: =IF(AND($P11="✓",$R11=""),IF($Q11="",90000,$Q11)+ROW()/100000,"") | Z11: =IF(OR($U11<>"",$D11<>"",$E11<>"",$N11<>""),1,"")
A12: P-0008 | B12: =IF(AND($U12="",$C12=""),"",IFERROR(INDEX(EvID,MATCH(INDEX(FormData,$W12,f_Event),EvID,0)),IFERROR(INDEX(EvID,MATCH(INDEX(FormData,$W12,f_Event),EvName,0)),IFERROR(INDEX(EvID,MATCH(INT($C12),EvDate,0)),"")))) | C12: =IF($W12="","",INDEX(FormData,$W12,f_Time)) | D12: =IF($W12="","",IFERROR(UPPER(LEFT(TRIM(INDEX(FormData,$W12,f_Name)),1)&IFERROR(MID(TRIM(INDEX(FormData,$W12,f_Name)),FIND("^",SUBSTITUTE(TRIM(INDEX(FormData,$W12,f_Name))," ","^",LEN(TRIM(INDEX(FormData,$W12,f_Name)))-LEN(SUBSTITUTE(TRIM(INDEX(FormData,$W12,f_Name))," ",""))))+1,1),"")),"")) | E12: =IF($W12="","",IFERROR(IF(SUMPRODUCT(MAX((WhoKW<>"")*ISNUMBER(SEARCH(WhoKW,INDEX(FormData,$W12,f_Who)&""))*(ROW(WhoKW)-MIN(ROW(WhoKW))+1)))=0,"",INDEX(WhoVal,SUMPRODUCT(MAX((WhoKW<>"")*ISNUMBER(SEARCH(WhoKW,INDEX(FormData,$W12,f_Who)&""))*(ROW(WhoKW)-MIN(ROW(WhoKW))+1))))),"")) | F12: =IF($W12="","",TRIM(IFERROR(INDEX(FormData,$W12,f_Org1)&"","")&" "&IFERROR(INDEX(FormData,$W12,f_Org2)&"",""))) | G12: =IF($W12="","",IFERROR(INDEX(FormData,$W12,f_Region)&"","")) | H12: =IF($W12="","",IFERROR(IF(SUMPRODUCT(MAX((SitKW<>"")*ISNUMBER(SEARCH(SitKW,INDEX(FormData,$W12,f_Sit)&""))*(ROW(SitKW)-MIN(ROW(SitKW))+1)))=0,"",INDEX(SitVal,SUMPRODUCT(MAX((SitKW<>"")*ISNUMBER(SEARCH(SitKW,INDEX(FormData,$W12,f_Sit)&""))*(ROW(SitKW)-MIN(ROW(SitKW))+1))))),"")) | I12: =IF($W12="","",IFERROR(INDEX(FormData,$W12,f_Appr)&"","")) | J12: =IF($W12="","",IFERROR(INDEX(FormData,$W12,f_Trade)&"","")) | S12: =IF($P12<>"✓","",IF($R12<>"","Done",IF($Q12="","Open — no date",IF($Q12<TODAY(),"Overdue",IF($Q12-TODAY()<=DueSoon,"Due soon","Scheduled"))))) | T12: =IF($W12="","",IFERROR(IF(INDEX(FormData,$W12,f_Consent)&""="","",IF(ISNUMBER(SEARCH("yes",INDEX(FormData,$W12,f_Consent))),"Yes","No")),"")) | V12: =IF($U12="","",IF($W12="","not found","✓")) | W12: =IF($U12="","",IFERROR(MATCH($U12,INDEX(FormData,0,f_Id),0),IFERROR(MATCH(--$U12,INDEX(FormData,0,f_Id),0),IFERROR(MATCH($U12&"",INDEX(FormData,0,f_Id),0),"")))) | X12: =IF(AND($B12<>"",$B12='Event Report'!$C$3),ROW(),"") | Y12: =IF(AND($P12="✓",$R12=""),IF($Q12="",90000,$Q12)+ROW()/100000,"") | Z12: =IF(OR($U12<>"",$D12<>"",$E12<>"",$N12<>""),1,"")
A13: P-0009 | B13: =IF(AND($U13="",$C13=""),"",IFERROR(INDEX(EvID,MATCH(INDEX(FormData,$W13,f_Event),EvID,0)),IFERROR(INDEX(EvID,MATCH(INDEX(FormData,$W13,f_Event),EvName,0)),IFERROR(INDEX(EvID,MATCH(INT($C13),EvDate,0)),"")))) | C13: =IF($W13="","",INDEX(FormData,$W13,f_Time)) | D13: =IF($W13="","",IFERROR(UPPER(LEFT(TRIM(INDEX(FormData,$W13,f_Name)),1)&IFERROR(MID(TRIM(INDEX(FormData,$W13,f_Name)),FIND("^",SUBSTITUTE(TRIM(INDEX(FormData,$W13,f_Name))," ","^",LEN(TRIM(INDEX(FormData,$W13,f_Name)))-LEN(SUBSTITUTE(TRIM(INDEX(FormData,$W13,f_Name))," ",""))))+1,1),"")),"")) | E13: =IF($W13="","",IFERROR(IF(SUMPRODUCT(MAX((WhoKW<>"")*ISNUMBER(SEARCH(WhoKW,INDEX(FormData,$W13,f_Who)&""))*(ROW(WhoKW)-MIN(ROW(WhoKW))+1)))=0,"",INDEX(WhoVal,SUMPRODUCT(MAX((WhoKW<>"")*ISNUMBER(SEARCH(WhoKW,INDEX(FormData,$W13,f_Who)&""))*(ROW(WhoKW)-MIN(ROW(WhoKW))+1))))),"")) | F13: =IF($W13="","",TRIM(IFERROR(INDEX(FormData,$W13,f_Org1)&"","")&" "&IFERROR(INDEX(FormData,$W13,f_Org2)&"",""))) | G13: =IF($W13="","",IFERROR(INDEX(FormData,$W13,f_Region)&"","")) | H13: =IF($W13="","",IFERROR(IF(SUMPRODUCT(MAX((SitKW<>"")*ISNUMBER(SEARCH(SitKW,INDEX(FormData,$W13,f_Sit)&""))*(ROW(SitKW)-MIN(ROW(SitKW))+1)))=0,"",INDEX(SitVal,SUMPRODUCT(MAX((SitKW<>"")*ISNUMBER(SEARCH(SitKW,INDEX(FormData,$W13,f_Sit)&""))*(ROW(SitKW)-MIN(ROW(SitKW))+1))))),"")) | I13: =IF($W13="","",IFERROR(INDEX(FormData,$W13,f_Appr)&"","")) | J13: =IF($W13="","",IFERROR(INDEX(FormData,$W13,f_Trade)&"","")) | S13: =IF($P13<>"✓","",IF($R13<>"","Done",IF($Q13="","Open — no date",IF($Q13<TODAY(),"Overdue",IF($Q13-TODAY()<=DueSoon,"Due soon","Scheduled"))))) | T13: =IF($W13="","",IFERROR(IF(INDEX(FormData,$W13,f_Consent)&""="","",IF(ISNUMBER(SEARCH("yes",INDEX(FormData,$W13,f_Consent))),"Yes","No")),"")) | V13: =IF($U13="","",IF($W13="","not found","✓")) | W13: =IF($U13="","",IFERROR(MATCH($U13,INDEX(FormData,0,f_Id),0),IFERROR(MATCH(--$U13,INDEX(FormData,0,f_Id),0),IFERROR(MATCH($U13&"",INDEX(FormData,0,f_Id),0),"")))) | X13: =IF(AND($B13<>"",$B13='Event Report'!$C$3),ROW(),"") | Y13: =IF(AND($P13="✓",$R13=""),IF($Q13="",90000,$Q13)+ROW()/100000,"") | Z13: =IF(OR($U13<>"",$D13<>"",$E13<>"",$N13<>""),1,"")
A14: P-0010 | B14: =IF(AND($U14="",$C14=""),"",IFERROR(INDEX(EvID,MATCH(INDEX(FormData,$W14,f_Event),EvID,0)),IFERROR(INDEX(EvID,MATCH(INDEX(FormData,$W14,f_Event),EvName,0)),IFERROR(INDEX(EvID,MATCH(INT($C14),EvDate,0)),"")))) | C14: =IF($W14="","",INDEX(FormData,$W14,f_Time)) | D14: =IF($W14="","",IFERROR(UPPER(LEFT(TRIM(INDEX(FormData,$W14,f_Name)),1)&IFERROR(MID(TRIM(INDEX(FormData,$W14,f_Name)),FIND("^",SUBSTITUTE(TRIM(INDEX(FormData,$W14,f_Name))," ","^",LEN(TRIM(INDEX(FormData,$W14,f_Name)))-LEN(SUBSTITUTE(TRIM(INDEX(FormData,$W14,f_Name))," ",""))))+1,1),"")),"")) | E14: =IF($W14="","",IFERROR(IF(SUMPRODUCT(MAX((WhoKW<>"")*ISNUMBER(SEARCH(WhoKW,INDEX(FormData,$W14,f_Who)&""))*(ROW(WhoKW)-MIN(ROW(WhoKW))+1)))=0,"",INDEX(WhoVal,SUMPRODUCT(MAX((WhoKW<>"")*ISNUMBER(SEARCH(WhoKW,INDEX(FormData,$W14,f_Who)&""))*(ROW(WhoKW)-MIN(ROW(WhoKW))+1))))),"")) | F14: =IF($W14="","",TRIM(IFERROR(INDEX(FormData,$W14,f_Org1)&"","")&" "&IFERROR(INDEX(FormData,$W14,f_Org2)&"",""))) | G14: =IF($W14="","",IFERROR(INDEX(FormData,$W14,f_Region)&"","")) | H14: =IF($W14="","",IFERROR(IF(SUMPRODUCT(MAX((SitKW<>"")*ISNUMBER(SEARCH(SitKW,INDEX(FormData,$W14,f_Sit)&""))*(ROW(SitKW)-MIN(ROW(SitKW))+1)))=0,"",INDEX(SitVal,SUMPRODUCT(MAX((SitKW<>"")*ISNUMBER(SEARCH(SitKW,INDEX(FormData,$W14,f_Sit)&""))*(ROW(SitKW)-MIN(ROW(SitKW))+1))))),"")) | I14: =IF($W14="","",IFERROR(INDEX(FormData,$W14,f_Appr)&"","")) | J14: =IF($W14="","",IFERROR(INDEX(FormData,$W14,f_Trade)&"","")) | S14: =IF($P14<>"✓","",IF($R14<>"","Done",IF($Q14="","Open — no date",IF($Q14<TODAY(),"Overdue",IF($Q14-TODAY()<=DueSoon,"Due soon","Scheduled"))))) | T14: =IF($W14="","",IFERROR(IF(INDEX(FormData,$W14,f_Consent)&""="","",IF(ISNUMBER(SEARCH("yes",INDEX(FormData,$W14,f_Consent))),"Yes","No")),"")) | V14: =IF($U14="","",IF($W14="","not found","✓")) | W14: =IF($U14="","",IFERROR(MATCH($U14,INDEX(FormData,0,f_Id),0),IFERROR(MATCH(--$U14,INDEX(FormData,0,f_Id),0),IFERROR(MATCH($U14&"",INDEX(FormData,0,f_Id),0),"")))) | X14: =IF(AND($B14<>"",$B14='Event Report'!$C$3),ROW(),"") | Y14: =IF(AND($P14="✓",$R14=""),IF($Q14="",90000,$Q14)+ROW()/100000,"") | Z14: =IF(OR($U14<>"",$D14<>"",$E14<>"",$N14<>""),1,"")
A15: P-0011 | B15: =IF(AND($U15="",$C15=""),"",IFERROR(INDEX(EvID,MATCH(INDEX(FormData,$W15,f_Event),EvID,0)),IFERROR(INDEX(EvID,MATCH(INDEX(FormData,$W15,f_Event),EvName,0)),IFERROR(INDEX(EvID,MATCH(INT($C15),EvDate,0)),"")))) | C15: =IF($W15="","",INDEX(FormData,$W15,f_Time)) | D15: =IF($W15="","",IFERROR(UPPER(LEFT(TRIM(INDEX(FormData,$W15,f_Name)),1)&IFERROR(MID(TRIM(INDEX(FormData,$W15,f_Name)),FIND("^",SUBSTITUTE(TRIM(INDEX(FormData,$W15,f_Name))," ","^",LEN(TRIM(INDEX(FormData,$W15,f_Name)))-LEN(SUBSTITUTE(TRIM(INDEX(FormData,$W15,f_Name))," ",""))))+1,1),"")),"")) | E15: =IF($W15="","",IFERROR(IF(SUMPRODUCT(MAX((WhoKW<>"")*ISNUMBER(SEARCH(WhoKW,INDEX(FormData,$W15,f_Who)&""))*(ROW(WhoKW)-MIN(ROW(WhoKW))+1)))=0,"",INDEX(WhoVal,SUMPRODUCT(MAX((WhoKW<>"")*ISNUMBER(SEARCH(WhoKW,INDEX(FormData,$W15,f_Who)&""))*(ROW(WhoKW)-MIN(ROW(WhoKW))+1))))),"")) | F15: =IF($W15="","",TRIM(IFERROR(INDEX(FormData,$W15,f_Org1)&"","")&" "&IFERROR(INDEX(FormData,$W15,f_Org2)&"",""))) | G15: =IF($W15="","",IFERROR(INDEX(FormData,$W15,f_Region)&"","")) | H15: =IF($W15="","",IFERROR(IF(SUMPRODUCT(MAX((SitKW<>"")*ISNUMBER(SEARCH(SitKW,INDEX(FormData,$W15,f_Sit)&""))*(ROW(SitKW)-MIN(ROW(SitKW))+1)))=0,"",INDEX(SitVal,SUMPRODUCT(MAX((SitKW<>"")*ISNUMBER(SEARCH(SitKW,INDEX(FormData,$W15,f_Sit)&""))*(ROW(SitKW)-MIN(ROW(SitKW))+1))))),"")) | I15: =IF($W15="","",IFERROR(INDEX(FormData,$W15,f_Appr)&"","")) | J15: =IF($W15="","",IFERROR(INDEX(FormData,$W15,f_Trade)&"","")) | S15: =IF($P15<>"✓","",IF($R15<>"","Done",IF($Q15="","Open — no date",IF($Q15<TODAY(),"Overdue",IF($Q15-TODAY()<=DueSoon,"Due soon","Scheduled"))))) | T15: =IF($W15="","",IFERROR(IF(INDEX(FormData,$W15,f_Consent)&""="","",IF(ISNUMBER(SEARCH("yes",INDEX(FormData,$W15,f_Consent))),"Yes","No")),"")) | V15: =IF($U15="","",IF($W15="","not found","✓")) | W15: =IF($U15="","",IFERROR(MATCH($U15,INDEX(FormData,0,f_Id),0),IFERROR(MATCH(--$U15,INDEX(FormData,0,f_Id),0),IFERROR(MATCH($U15&"",INDEX(FormData,0,f_Id),0),"")))) | X15: =IF(AND($B15<>"",$B15='Event Report'!$C$3),ROW(),"") | Y15: =IF(AND($P15="✓",$R15=""),IF($Q15="",90000,$Q15)+ROW()/100000,"") | Z15: =IF(OR($U15<>"",$D15<>"",$E15<>"",$N15<>""),1,"")
A16: P-0012 | B16: =IF(AND($U16="",$C16=""),"",IFERROR(INDEX(EvID,MATCH(INDEX(FormData,$W16,f_Event),EvID,0)),IFERROR(INDEX(EvID,MATCH(INDEX(FormData,$W16,f_Event),EvName,0)),IFERROR(INDEX(EvID,MATCH(INT($C16),EvDate,0)),"")))) | C16: =IF($W16="","",INDEX(FormData,$W16,f_Time)) | D16: =IF($W16="","",IFERROR(UPPER(LEFT(TRIM(INDEX(FormData,$W16,f_Name)),1)&IFERROR(MID(TRIM(INDEX(FormData,$W16,f_Name)),FIND("^",SUBSTITUTE(TRIM(INDEX(FormData,$W16,f_Name))," ","^",LEN(TRIM(INDEX(FormData,$W16,f_Name)))-LEN(SUBSTITUTE(TRIM(INDEX(FormData,$W16,f_Name))," ",""))))+1,1),"")),"")) | E16: =IF($W16="","",IFERROR(IF(SUMPRODUCT(MAX((WhoKW<>"")*ISNUMBER(SEARCH(WhoKW,INDEX(FormData,$W16,f_Who)&""))*(ROW(WhoKW)-MIN(ROW(WhoKW))+1)))=0,"",INDEX(WhoVal,SUMPRODUCT(MAX((WhoKW<>"")*ISNUMBER(SEARCH(WhoKW,INDEX(FormData,$W16,f_Who)&""))*(ROW(WhoKW)-MIN(ROW(WhoKW))+1))))),"")) | F16: =IF($W16="","",TRIM(IFERROR(INDEX(FormData,$W16,f_Org1)&"","")&" "&IFERROR(INDEX(FormData,$W16,f_Org2)&"",""))) | G16: =IF($W16="","",IFERROR(INDEX(FormData,$W16,f_Region)&"","")) | H16: =IF($W16="","",IFERROR(IF(SUMPRODUCT(MAX((SitKW<>"")*ISNUMBER(SEARCH(SitKW,INDEX(FormData,$W16,f_Sit)&""))*(ROW(SitKW)-MIN(ROW(SitKW))+1)))=0,"",INDEX(SitVal,SUMPRODUCT(MAX((SitKW<>"")*ISNUMBER(SEARCH(SitKW,INDEX(FormData,$W16,f_Sit)&""))*(ROW(SitKW)-MIN(ROW(SitKW))+1))))),"")) | I16: =IF($W16="","",IFERROR(INDEX(FormData,$W16,f_Appr)&"","")) | J16: =IF($W16="","",IFERROR(INDEX(FormData,$W16,f_Trade)&"","")) | S16: =IF($P16<>"✓","",IF($R16<>"","Done",IF($Q16="","Open — no date",IF($Q16<TODAY(),"Overdue",IF($Q16-TODAY()<=DueSoon,"Due soon","Scheduled"))))) | T16: =IF($W16="","",IFERROR(IF(INDEX(FormData,$W16,f_Consent)&""="","",IF(ISNUMBER(SEARCH("yes",INDEX(FormData,$W16,f_Consent))),"Yes","No")),"")) | V16: =IF($U16="","",IF($W16="","not found","✓")) | W16: =IF($U16="","",IFERROR(MATCH($U16,INDEX(FormData,0,f_Id),0),IFERROR(MATCH(--$U16,INDEX(FormData,0,f_Id),0),IFERROR(MATCH($U16&"",INDEX(FormData,0,f_Id),0),"")))) | X16: =IF(AND($B16<>"",$B16='Event Report'!$C$3),ROW(),"") | Y16: =IF(AND($P16="✓",$R16=""),IF($Q16="",90000,$Q16)+ROW()/100000,"") | Z16: =IF(OR($U16<>"",$D16<>"",$E16<>"",$N16<>""),1,"")
... A604: P-0600 | B604: =IF(AND($U604="",$C604=""),"",IFERROR(INDEX(EvID,MATCH(INDEX(FormData,$W604,f_Event),EvID,0)),IFERROR(INDEX(EvID,MATCH(INDEX(FormData,$W604,f_Event),EvName,0)),IFERROR(INDEX(EvID,MATCH(INT($C604),EvDate,0)),"")))) | C604: =IF($W604="","",INDEX(FormData,$W604,f_Time)) | D604: =IF($W604="","",IFERROR(UPPER(LEFT(TRIM(INDEX(FormData,$W604,f_Name)),1)&IFERROR(MID(TRIM(INDEX(FormData,$W604,f_Name)),FIND("^",SUBSTITUTE(TRIM(INDEX(FormData,$W604,f_Name))," ","^",LEN(TRIM(INDEX(FormData,$W604,f_Name)))-LEN(SUBSTITUTE(TRIM(INDEX(FormData,$W604,f_Name))," ",""))))+1,1),"")),"")) | E604: =IF($W604="","",IFERROR(IF(SUMPRODUCT(MAX((WhoKW<>"")*ISNUMBER(SEARCH(WhoKW,INDEX(FormData,$W604,f_Who)&""))*(ROW(WhoKW)-MIN(ROW(WhoKW))+1)))=0,"",INDEX(WhoVal,SUMPRODUCT(MAX((WhoKW<>"")*ISNUMBER(SEARCH(WhoKW,INDEX(FormData,$W604,f_Who)&""))*(ROW(WhoKW)-MIN(ROW(WhoKW))+1))))),"")) | F604: =IF($W604="","",TRIM(IFERROR(INDEX(FormData,$W604,f_Org1)&"","")&" "&IFERROR(INDEX(FormData,$W604,f_Org2)&"",""))) | G604: =IF($W604="","",IFERROR(INDEX(FormData,$W604,f_Region)&"","")) | H604: =IF($W604="","",IFERROR(IF(SUMPRODUCT(MAX((SitKW<>"")*ISNUMBER(SEARCH(SitKW,INDEX(FormData,$W604,f_Sit)&""))*(ROW(SitKW)-MIN(ROW(SitKW))+1)))=0,"",INDEX(SitVal,SUMPRODUCT(MAX((SitKW<>"")*ISNUMBER(SEARCH(SitKW,INDEX(FormData,$W604,f_Sit)&""))*(ROW(SitKW)-MIN(ROW(SitKW))+1))))),"")) | I604: =IF($W604="","",IFERROR(INDEX(FormData,$W604,f_Appr)&"","")) | J604: =IF($W604="","",IFERROR(INDEX(FormData,$W604,f_Trade)&"","")) | S604: =IF($P604<>"✓","",IF($R604<>"","Done",IF($Q604="","Open — no date",IF($Q604<TODAY(),"Overdue",IF($Q604-TODAY()<=DueSoon,"Due soon","Scheduled"))))) | T604: =IF($W604="","",IFERROR(IF(INDEX(FormData,$W604,f_Consent)&""="","",IF(ISNUMBER(SEARCH("yes",INDEX(FormData,$W604,f_Consent))),"Yes","No")),"")) | V604: =IF($U604="","",IF($W604="","not found","✓")) | W604: =IF($U604="","",IFERROR(MATCH($U604,INDEX(FormData,0,f_Id),0),IFERROR(MATCH(--$U604,INDEX(FormData,0,f_Id),0),IFERROR(MATCH($U604&"",INDEX(FormData,0,f_Id),0),"")))) | X604: =IF(AND($B604<>"",$B604='Event Report'!$C$3),ROW(),"") | Y604: =IF(AND($P604="✓",$R604=""),IF($Q604="",90000,$Q604)+ROW()/100000,"") | Z604: =IF(OR($U604<>"",$D604<>"",$E604<>"",$N604<>""),1,"")

Sheet New Sign-Ups
A1: New Sign-Ups
A2: Everyone who has filled in the form, newest at the bottom. Anyone marked → add isn't on People yet.
A3: Not yet on People: | C3: =COUNTIF(G5:G1004,"→ add") | D3: → Filter column G to “→ add”, then type each Response ID into a blank row on People (column U).
A4: # | B4: Response ID | C4: Submitted | D4: Initials | E4: Event (by date) | F4: Contact Type (from form) | G4: On People? | H4: _row | I4: Wants help with (from form)
A5: 1 | B5: =IF($H5="","",INDEX(FormData,$H5,f_Id)) | C5: =IF($H5="","",IFERROR(INDEX(FormData,$H5,f_Time),"")) | D5: =IF($H5="","",IFERROR(UPPER(LEFT(TRIM(INDEX(FormData,$H5,f_Name)),1)&IFERROR(MID(TRIM(INDEX(FormData,$H5,f_Name)),FIND("^",SUBSTITUTE(TRIM(INDEX(FormData,$H5,f_Name))," ","^",LEN(TRIM(INDEX(FormData,$H5,f_Name)))-LEN(SUBSTITUTE(TRIM(INDEX(FormData,$H5,f_Name))," ",""))))+1,1),"")),"")) | E5: =IF($H5="","",IFERROR(INDEX(EvID,MATCH(INDEX(FormData,$H5,f_Event),EvID,0)),IFERROR(INDEX(EvID,MATCH(INDEX(FormData,$H5,f_Event),EvName,0)),IFERROR(INDEX(EvID,MATCH(INT($C5),EvDate,0)),"(no event that day)")))) | F5: =IF($H5="","",IFERROR(IF(SUMPRODUCT(MAX((WhoKW<>"")*ISNUMBER(SEARCH(WhoKW,INDEX(FormData,$H5,f_Who)&""))*(ROW(WhoKW)-MIN(ROW(WhoKW))+1)))=0,"",INDEX(WhoVal,SUMPRODUCT(MAX((WhoKW<>"")*ISNUMBER(SEARCH(WhoKW,INDEX(FormData,$H5,f_Who)&""))*(ROW(WhoKW)-MIN(ROW(WhoKW))+1))))),"")) | G5: =IF($H5="","",IF(COUNTIF(People!$U$5:$U$604,$B5)+COUNTIF(People!$U$5:$U$604,$B5&"")>0,"✓ logged","→ add")) | H5: =IFERROR(IF(INDEX(FormData,2,f_Id)&""="","",2),"") | I5: =IF($H5="","",IFERROR(INDEX(FormData,$H5,f_Need)&"",""))
A6: 2 | B6: =IF($H6="","",INDEX(FormData,$H6,f_Id)) | C6: =IF($H6="","",IFERROR(INDEX(FormData,$H6,f_Time),"")) | D6: =IF($H6="","",IFERROR(UPPER(LEFT(TRIM(INDEX(FormData,$H6,f_Name)),1)&IFERROR(MID(TRIM(INDEX(FormData,$H6,f_Name)),FIND("^",SUBSTITUTE(TRIM(INDEX(FormData,$H6,f_Name))," ","^",LEN(TRIM(INDEX(FormData,$H6,f_Name)))-LEN(SUBSTITUTE(TRIM(INDEX(FormData,$H6,f_Name))," ",""))))+1,1),"")),"")) | E6: =IF($H6="","",IFERROR(INDEX(EvID,MATCH(INDEX(FormData,$H6,f_Event),EvID,0)),IFERROR(INDEX(EvID,MATCH(INDEX(FormData,$H6,f_Event),EvName,0)),IFERROR(INDEX(EvID,MATCH(INT($C6),EvDate,0)),"(no event that day)")))) | F6: =IF($H6="","",IFERROR(IF(SUMPRODUCT(MAX((WhoKW<>"")*ISNUMBER(SEARCH(WhoKW,INDEX(FormData,$H6,f_Who)&""))*(ROW(WhoKW)-MIN(ROW(WhoKW))+1)))=0,"",INDEX(WhoVal,SUMPRODUCT(MAX((WhoKW<>"")*ISNUMBER(SEARCH(WhoKW,INDEX(FormData,$H6,f_Who)&""))*(ROW(WhoKW)-MIN(ROW(WhoKW))+1))))),"")) | G6: =IF($H6="","",IF(COUNTIF(People!$U$5:$U$604,$B6)+COUNTIF(People!$U$5:$U$604,$B6&"")>0,"✓ logged","→ add")) | H6: =IFERROR(IF(INDEX(FormData,3,f_Id)&""="","",3),"") | I6: =IF($H6="","",IFERROR(INDEX(FormData,$H6,f_Need)&"",""))
A7: 3 | B7: =IF($H7="","",INDEX(FormData,$H7,f_Id)) | C7: =IF($H7="","",IFERROR(INDEX(FormData,$H7,f_Time),"")) | D7: =IF($H7="","",IFERROR(UPPER(LEFT(TRIM(INDEX(FormData,$H7,f_Name)),1)&IFERROR(MID(TRIM(INDEX(FormData,$H7,f_Name)),FIND("^",SUBSTITUTE(TRIM(INDEX(FormData,$H7,f_Name))," ","^",LEN(TRIM(INDEX(FormData,$H7,f_Name)))-LEN(SUBSTITUTE(TRIM(INDEX(FormData,$H7,f_Name))," ",""))))+1,1),"")),"")) | E7: =IF($H7="","",IFERROR(INDEX(EvID,MATCH(INDEX(FormData,$H7,f_Event),EvID,0)),IFERROR(INDEX(EvID,MATCH(INDEX(FormData,$H7,f_Event),EvName,0)),IFERROR(INDEX(EvID,MATCH(INT($C7),EvDate,0)),"(no event that day)")))) | F7: =IF($H7="","",IFERROR(IF(SUMPRODUCT(MAX((WhoKW<>"")*ISNUMBER(SEARCH(WhoKW,INDEX(FormData,$H7,f_Who)&""))*(ROW(WhoKW)-MIN(ROW(WhoKW))+1)))=0,"",INDEX(WhoVal,SUMPRODUCT(MAX((WhoKW<>"")*ISNUMBER(SEARCH(WhoKW,INDEX(FormData,$H7,f_Who)&""))*(ROW(WhoKW)-MIN(ROW(WhoKW))+1))))),"")) | G7: =IF($H7="","",IF(COUNTIF(People!$U$5:$U$604,$B7)+COUNTIF(People!$U$5:$U$604,$B7&"")>0,"✓ logged","→ add")) | H7: =IFERROR(IF(INDEX(FormData,4,f_Id)&""="","",4),"") | I7: =IF($H7="","",IFERROR(INDEX(FormData,$H7,f_Need)&"",""))
A8: 4 | B8: =IF($H8="","",INDEX(FormData,$H8,f_Id)) | C8: =IF($H8="","",IFERROR(INDEX(FormData,$H8,f_Time),"")) | D8: =IF($H8="","",IFERROR(UPPER(LEFT(TRIM(INDEX(FormData,$H8,f_Name)),1)&IFERROR(MID(TRIM(INDEX(FormData,$H8,f_Name)),FIND("^",SUBSTITUTE(TRIM(INDEX(FormData,$H8,f_Name))," ","^",LEN(TRIM(INDEX(FormData,$H8,f_Name)))-LEN(SUBSTITUTE(TRIM(INDEX(FormData,$H8,f_Name))," ",""))))+1,1),"")),"")) | E8: =IF($H8="","",IFERROR(INDEX(EvID,MATCH(INDEX(FormData,$H8,f_Event),EvID,0)),IFERROR(INDEX(EvID,MATCH(INDEX(FormData,$H8,f_Event),EvName,0)),IFERROR(INDEX(EvID,MATCH(INT($C8),EvDate,0)),"(no event that day)")))) | F8: =IF($H8="","",IFERROR(IF(SUMPRODUCT(MAX((WhoKW<>"")*ISNUMBER(SEARCH(WhoKW,INDEX(FormData,$H8,f_Who)&""))*(ROW(WhoKW)-MIN(ROW(WhoKW))+1)))=0,"",INDEX(WhoVal,SUMPRODUCT(MAX((WhoKW<>"")*ISNUMBER(SEARCH(WhoKW,INDEX(FormData,$H8,f_Who)&""))*(ROW(WhoKW)-MIN(ROW(WhoKW))+1))))),"")) | G8: =IF($H8="","",IF(COUNTIF(People!$U$5:$U$604,$B8)+COUNTIF(People!$U$5:$U$604,$B8&"")>0,"✓ logged","→ add")) | H8: =IFERROR(IF(INDEX(FormData,5,f_Id)&""="","",5),"") | I8: =IF($H8="","",IFERROR(INDEX(FormData,$H8,f_Need)&"",""))
A9: 5 | B9: =IF($H9="","",INDEX(FormData,$H9,f_Id)) | C9: =IF($H9="","",IFERROR(INDEX(FormData,$H9,f_Time),"")) | D9: =IF($H9="","",IFERROR(UPPER(LEFT(TRIM(INDEX(FormData,$H9,f_Name)),1)&IFERROR(MID(TRIM(INDEX(FormData,$H9,f_Name)),FIND("^",SUBSTITUTE(TRIM(INDEX(FormData,$H9,f_Name))," ","^",LEN(TRIM(INDEX(FormData,$H9,f_Name)))-LEN(SUBSTITUTE(TRIM(INDEX(FormData,$H9,f_Name))," ",""))))+1,1),"")),"")) | E9: =IF($H9="","",IFERROR(INDEX(EvID,MATCH(INDEX(FormData,$H9,f_Event),EvID,0)),IFERROR(INDEX(EvID,MATCH(INDEX(FormData,$H9,f_Event),EvName,0)),IFERROR(INDEX(EvID,MATCH(INT($C9),EvDate,0)),"(no event that day)")))) | F9: =IF($H9="","",IFERROR(IF(SUMPRODUCT(MAX((WhoKW<>"")*ISNUMBER(SEARCH(WhoKW,INDEX(FormData,$H9,f_Who)&""))*(ROW(WhoKW)-MIN(ROW(WhoKW))+1)))=0,"",INDEX(WhoVal,SUMPRODUCT(MAX((WhoKW<>"")*ISNUMBER(SEARCH(WhoKW,INDEX(FormData,$H9,f_Who)&""))*(ROW(WhoKW)-MIN(ROW(WhoKW))+1))))),"")) | G9: =IF($H9="","",IF(COUNTIF(People!$U$5:$U$604,$B9)+COUNTIF(People!$U$5:$U$604,$B9&"")>0,"✓ logged","→ add")) | H9: =IFERROR(IF(INDEX(FormData,6,f_Id)&""="","",6),"") | I9: =IF($H9="","",IFERROR(INDEX(FormData,$H9,f_Need)&"",""))
A10: 6 | B10: =IF($H10="","",INDEX(FormData,$H10,f_Id)) | C10: =IF($H10="","",IFERROR(INDEX(FormData,$H10,f_Time),"")) | D10: =IF($H10="","",IFERROR(UPPER(LEFT(TRIM(INDEX(FormData,$H10,f_Name)),1)&IFERROR(MID(TRIM(INDEX(FormData,$H10,f_Name)),FIND("^",SUBSTITUTE(TRIM(INDEX(FormData,$H10,f_Name))," ","^",LEN(TRIM(INDEX(FormData,$H10,f_Name)))-LEN(SUBSTITUTE(TRIM(INDEX(FormData,$H10,f_Name))," ",""))))+1,1),"")),"")) | E10: =IF($H10="","",IFERROR(INDEX(EvID,MATCH(INDEX(FormData,$H10,f_Event),EvID,0)),IFERROR(INDEX(EvID,MATCH(INDEX(FormData,$H10,f_Event),EvName,0)),IFERROR(INDEX(EvID,MATCH(INT($C10),EvDate,0)),"(no event that day)")))) | F10: =IF($H10="","",IFERROR(IF(SUMPRODUCT(MAX((WhoKW<>"")*ISNUMBER(SEARCH(WhoKW,INDEX(FormData,$H10,f_Who)&""))*(ROW(WhoKW)-MIN(ROW(WhoKW))+1)))=0,"",INDEX(WhoVal,SUMPRODUCT(MAX((WhoKW<>"")*ISNUMBER(SEARCH(WhoKW,INDEX(FormData,$H10,f_Who)&""))*(ROW(WhoKW)-MIN(ROW(WhoKW))+1))))),"")) | G10: =IF($H10="","",IF(COUNTIF(People!$U$5:$U$604,$B10)+COUNTIF(People!$U$5:$U$604,$B10&"")>0,"✓ logged","→ add")) | H10: =IFERROR(IF(INDEX(FormData,7,f_Id)&""="","",7),"") | I10: =IF($H10="","",IFERROR(INDEX(FormData,$H10,f_Need)&"",""))
A11: 7 | B11: =IF($H11="","",INDEX(FormData,$H11,f_Id)) | C11: =IF($H11="","",IFERROR(INDEX(FormData,$H11,f_Time),"")) | D11: =IF($H11="","",IFERROR(UPPER(LEFT(TRIM(INDEX(FormData,$H11,f_Name)),1)&IFERROR(MID(TRIM(INDEX(FormData,$H11,f_Name)),FIND("^",SUBSTITUTE(TRIM(INDEX(FormData,$H11,f_Name))," ","^",LEN(TRIM(INDEX(FormData,$H11,f_Name)))-LEN(SUBSTITUTE(TRIM(INDEX(FormData,$H11,f_Name))," ",""))))+1,1),"")),"")) | E11: =IF($H11="","",IFERROR(INDEX(EvID,MATCH(INDEX(FormData,$H11,f_Event),EvID,0)),IFERROR(INDEX(EvID,MATCH(INDEX(FormData,$H11,f_Event),EvName,0)),IFERROR(INDEX(EvID,MATCH(INT($C11),EvDate,0)),"(no event that day)")))) | F11: =IF($H11="","",IFERROR(IF(SUMPRODUCT(MAX((WhoKW<>"")*ISNUMBER(SEARCH(WhoKW,INDEX(FormData,$H11,f_Who)&""))*(ROW(WhoKW)-MIN(ROW(WhoKW))+1)))=0,"",INDEX(WhoVal,SUMPRODUCT(MAX((WhoKW<>"")*ISNUMBER(SEARCH(WhoKW,INDEX(FormData,$H11,f_Who)&""))*(ROW(WhoKW)-MIN(ROW(WhoKW))+1))))),"")) | G11: =IF($H11="","",IF(COUNTIF(People!$U$5:$U$604,$B11)+COUNTIF(People!$U$5:$U$604,$B11&"")>0,"✓ logged","→ add")) | H11: =IFERROR(IF(INDEX(FormData,8,f_Id)&""="","",8),"") | I11: =IF($H11="","",IFERROR(INDEX(FormData,$H11,f_Need)&"",""))
A12: 8 | B12: =IF($H12="","",INDEX(FormData,$H12,f_Id)) | C12: =IF($H12="","",IFERROR(INDEX(FormData,$H12,f_Time),"")) | D12: =IF($H12="","",IFERROR(UPPER(LEFT(TRIM(INDEX(FormData,$H12,f_Name)),1)&IFERROR(MID(TRIM(INDEX(FormData,$H12,f_Name)),FIND("^",SUBSTITUTE(TRIM(INDEX(FormData,$H12,f_Name))," ","^",LEN(TRIM(INDEX(FormData,$H12,f_Name)))-LEN(SUBSTITUTE(TRIM(INDEX(FormData,$H12,f_Name))," ",""))))+1,1),"")),"")) | E12: =IF($H12="","",IFERROR(INDEX(EvID,MATCH(INDEX(FormData,$H12,f_Event),EvID,0)),IFERROR(INDEX(EvID,MATCH(INDEX(FormData,$H12,f_Event),EvName,0)),IFERROR(INDEX(EvID,MATCH(INT($C12),EvDate,0)),"(no event that day)")))) | F12: =IF($H12="","",IFERROR(IF(SUMPRODUCT(MAX((WhoKW<>"")*ISNUMBER(SEARCH(WhoKW,INDEX(FormData,$H12,f_Who)&""))*(ROW(WhoKW)-MIN(ROW(WhoKW))+1)))=0,"",INDEX(WhoVal,SUMPRODUCT(MAX((WhoKW<>"")*ISNUMBER(SEARCH(WhoKW,INDEX(FormData,$H12,f_Who)&""))*(ROW(WhoKW)-MIN(ROW(WhoKW))+1))))),"")) | G12: =IF($H12="","",IF(COUNTIF(People!$U$5:$U$604,$B12)+COUNTIF(People!$U$5:$U$604,$B12&"")>0,"✓ logged","→ add")) | H12: =IFERROR(IF(INDEX(FormData,9,f_Id)&""="","",9),"") | I12: =IF($H12="","",IFERROR(INDEX(FormData,$H12,f_Need)&"",""))
A13: 9 | B13: =IF($H13="","",INDEX(FormData,$H13,f_Id)) | C13: =IF($H13="","",IFERROR(INDEX(FormData,$H13,f_Time),"")) | D13: =IF($H13="","",IFERROR(UPPER(LEFT(TRIM(INDEX(FormData,$H13,f_Name)),1)&IFERROR(MID(TRIM(INDEX(FormData,$H13,f_Name)),FIND("^",SUBSTITUTE(TRIM(INDEX(FormData,$H13,f_Name))," ","^",LEN(TRIM(INDEX(FormData,$H13,f_Name)))-LEN(SUBSTITUTE(TRIM(INDEX(FormData,$H13,f_Name))," ",""))))+1,1),"")),"")) | E13: =IF($H13="","",IFERROR(INDEX(EvID,MATCH(INDEX(FormData,$H13,f_Event),EvID,0)),IFERROR(INDEX(EvID,MATCH(INDEX(FormData,$H13,f_Event),EvName,0)),IFERROR(INDEX(EvID,MATCH(INT($C13),EvDate,0)),"(no event that day)")))) | F13: =IF($H13="","",IFERROR(IF(SUMPRODUCT(MAX((WhoKW<>"")*ISNUMBER(SEARCH(WhoKW,INDEX(FormData,$H13,f_Who)&""))*(ROW(WhoKW)-MIN(ROW(WhoKW))+1)))=0,"",INDEX(WhoVal,SUMPRODUCT(MAX((WhoKW<>"")*ISNUMBER(SEARCH(WhoKW,INDEX(FormData,$H13,f_Who)&""))*(ROW(WhoKW)-MIN(ROW(WhoKW))+1))))),"")) | G13: =IF($H13="","",IF(COUNTIF(People!$U$5:$U$604,$B13)+COUNTIF(People!$U$5:$U$604,$B13&"")>0,"✓ logged","→ add")) | H13: =IFERROR(IF(INDEX(FormData,10,f_Id)&""="","",10),"") | I13: =IF($H13="","",IFERROR(INDEX(FormData,$H13,f_Need)&"",""))
A14: 10 | B14: =IF($H14="","",INDEX(FormData,$H14,f_Id)) | C14: =IF($H14="","",IFERROR(INDEX(FormData,$H14,f_Time),"")) | D14: =IF($H14="","",IFERROR(UPPER(LEFT(TRIM(INDEX(FormData,$H14,f_Name)),1)&IFERROR(MID(TRIM(INDEX(FormData,$H14,f_Name)),FIND("^",SUBSTITUTE(TRIM(INDEX(FormData,$H14,f_Name))," ","^",LEN(TRIM(INDEX(FormData,$H14,f_Name)))-LEN(SUBSTITUTE(TRIM(INDEX(FormData,$H14,f_Name))," ",""))))+1,1),"")),"")) | E14: =IF($H14="","",IFERROR(INDEX(EvID,MATCH(INDEX(FormData,$H14,f_Event),EvID,0)),IFERROR(INDEX(EvID,MATCH(INDEX(FormData,$H14,f_Event),EvName,0)),IFERROR(INDEX(EvID,MATCH(INT($C14),EvDate,0)),"(no event that day)")))) | F14: =IF($H14="","",IFERROR(IF(SUMPRODUCT(MAX((WhoKW<>"")*ISNUMBER(SEARCH(WhoKW,INDEX(FormData,$H14,f_Who)&""))*(ROW(WhoKW)-MIN(ROW(WhoKW))+1)))=0,"",INDEX(WhoVal,SUMPRODUCT(MAX((WhoKW<>"")*ISNUMBER(SEARCH(WhoKW,INDEX(FormData,$H14,f_Who)&""))*(ROW(WhoKW)-MIN(ROW(WhoKW))+1))))),"")) | G14: =IF($H14="","",IF(COUNTIF(People!$U$5:$U$604,$B14)+COUNTIF(People!$U$5:$U$604,$B14&"")>0,"✓ logged","→ add")) | H14: =IFERROR(IF(INDEX(FormData,11,f_Id)&""="","",11),"") | I14: =IF($H14="","",IFERROR(INDEX(FormData,$H14,f_Need)&"",""))
A15: 11 | B15: =IF($H15="","",INDEX(FormData,$H15,f_Id)) | C15: =IF($H15="","",IFERROR(INDEX(FormData,$H15,f_Time),"")) | D15: =IF($H15="","",IFERROR(UPPER(LEFT(TRIM(INDEX(FormData,$H15,f_Name)),1)&IFERROR(MID(TRIM(INDEX(FormData,$H15,f_Name)),FIND("^",SUBSTITUTE(TRIM(INDEX(FormData,$H15,f_Name))," ","^",LEN(TRIM(INDEX(FormData,$H15,f_Name)))-LEN(SUBSTITUTE(TRIM(INDEX(FormData,$H15,f_Name))," ",""))))+1,1),"")),"")) | E15: =IF($H15="","",IFERROR(INDEX(EvID,MATCH(INDEX(FormData,$H15,f_Event),EvID,0)),IFERROR(INDEX(EvID,MATCH(INDEX(FormData,$H15,f_Event),EvName,0)),IFERROR(INDEX(EvID,MATCH(INT($C15),EvDate,0)),"(no event that day)")))) | F15: =IF($H15="","",IFERROR(IF(SUMPRODUCT(MAX((WhoKW<>"")*ISNUMBER(SEARCH(WhoKW,INDEX(FormData,$H15,f_Who)&""))*(ROW(WhoKW)-MIN(ROW(WhoKW))+1)))=0,"",INDEX(WhoVal,SUMPRODUCT(MAX((WhoKW<>"")*ISNUMBER(SEARCH(WhoKW,INDEX(FormData,$H15,f_Who)&""))*(ROW(WhoKW)-MIN(ROW(WhoKW))+1))))),"")) | G15: =IF($H15="","",IF(COUNTIF(People!$U$5:$U$604,$B15)+COUNTIF(People!$U$5:$U$604,$B15&"")>0,"✓ logged","→ add")) | H15: =IFERROR(IF(INDEX(FormData,12,f_Id)&""="","",12),"") | I15: =IF($H15="","",IFERROR(INDEX(FormData,$H15,f_Need)&"",""))
A16: 12 | B16: =IF($H16="","",INDEX(FormData,$H16,f_Id)) | C16: =IF($H16="","",IFERROR(INDEX(FormData,$H16,f_Time),"")) | D16: =IF($H16="","",IFERROR(UPPER(LEFT(TRIM(INDEX(FormData,$H16,f_Name)),1)&IFERROR(MID(TRIM(INDEX(FormData,$H16,f_Name)),FIND("^",SUBSTITUTE(TRIM(INDEX(FormData,$H16,f_Name))," ","^",LEN(TRIM(INDEX(FormData,$H16,f_Name)))-LEN(SUBSTITUTE(TRIM(INDEX(FormData,$H16,f_Name))," ",""))))+1,1),"")),"")) | E16: =IF($H16="","",IFERROR(INDEX(EvID,MATCH(INDEX(FormData,$H16,f_Event),EvID,0)),IFERROR(INDEX(EvID,MATCH(INDEX(FormData,$H16,f_Event),EvName,0)),IFERROR(INDEX(EvID,MATCH(INT($C16),EvDate,0)),"(no event that day)")))) | F16: =IF($H16="","",IFERROR(IF(SUMPRODUCT(MAX((WhoKW<>"")*ISNUMBER(SEARCH(WhoKW,INDEX(FormData,$H16,f_Who)&""))*(ROW(WhoKW)-MIN(ROW(WhoKW))+1)))=0,"",INDEX(WhoVal,SUMPRODUCT(MAX((WhoKW<>"")*ISNUMBER(SEARCH(WhoKW,INDEX(FormData,$H16,f_Who)&""))*(ROW(WhoKW)-MIN(ROW(WhoKW))+1))))),"")) | G16: =IF($H16="","",IF(COUNTIF(People!$U$5:$U$604,$B16)+COUNTIF(People!$U$5:$U$604,$B16&"")>0,"✓ logged","→ add")) | H16: =IFERROR(IF(INDEX(FormData,13,f_Id)&""="","",13),"") | I16: =IF($H16="","",IFERROR(INDEX(FormData,$H16,f_Need)&"",""))
A17: 13 | B17: =IF($H17="","",INDEX(FormData,$H17,f_Id)) | C17: =IF($H17="","",IFERROR(INDEX(FormData,$H17,f_Time),"")) | D17: =IF($H17="","",IFERROR(UPPER(LEFT(TRIM(INDEX(FormData,$H17,f_Name)),1)&IFERROR(MID(TRIM(INDEX(FormData,$H17,f_Name)),FIND("^",SUBSTITUTE(TRIM(INDEX(FormData,$H17,f_Name))," ","^",LEN(TRIM(INDEX(FormData,$H17,f_Name)))-LEN(SUBSTITUTE(TRIM(INDEX(FormData,$H17,f_Name))," ",""))))+1,1),"")),"")) | E17: =IF($H17="","",IFERROR(INDEX(EvID,MATCH(INDEX(FormData,$H17,f_Event),EvID,0)),IFERROR(INDEX(EvID,MATCH(INDEX(FormData,$H17,f_Event),EvName,0)),IFERROR(INDEX(EvID,MATCH(INT($C17),EvDate,0)),"(no event that day)")))) | F17: =IF($H17="","",IFERROR(IF(SUMPRODUCT(MAX((WhoKW<>"")*ISNUMBER(SEARCH(WhoKW,INDEX(FormData,$H17,f_Who)&""))*(ROW(WhoKW)-MIN(ROW(WhoKW))+1)))=0,"",INDEX(WhoVal,SUMPRODUCT(MAX((WhoKW<>"")*ISNUMBER(SEARCH(WhoKW,INDEX(FormData,$H17,f_Who)&""))*(ROW(WhoKW)-MIN(ROW(WhoKW))+1))))),"")) | G17: =IF($H17="","",IF(COUNTIF(People!$U$5:$U$604,$B17)+COUNTIF(People!$U$5:$U$604,$B17&"")>0,"✓ logged","→ add")) | H17: =IFERROR(IF(INDEX(FormData,14,f_Id)&""="","",14),"") | I17: =IF($H17="","",IFERROR(INDEX(FormData,$H17,f_Need)&"",""))
A18: 14 | B18: =IF($H18="","",INDEX(FormData,$H18,f_Id)) | C18: =IF($H18="","",IFERROR(INDEX(FormData,$H18,f_Time),"")) | D18: =IF($H18="","",IFERROR(UPPER(LEFT(TRIM(INDEX(FormData,$H18,f_Name)),1)&IFERROR(MID(TRIM(INDEX(FormData,$H18,f_Name)),FIND("^",SUBSTITUTE(TRIM(INDEX(FormData,$H18,f_Name))," ","^",LEN(TRIM(INDEX(FormData,$H18,f_Name)))-LEN(SUBSTITUTE(TRIM(INDEX(FormData,$H18,f_Name))," ",""))))+1,1),"")),"")) | E18: =IF($H18="","",IFERROR(INDEX(EvID,MATCH(INDEX(FormData,$H18,f_Event),EvID,0)),IFERROR(INDEX(EvID,MATCH(INDEX(FormData,$H18,f_Event),EvName,0)),IFERROR(INDEX(EvID,MATCH(INT($C18),EvDate,0)),"(no event that day)")))) | F18: =IF($H18="","",IFERROR(IF(SUMPRODUCT(MAX((WhoKW<>"")*ISNUMBER(SEARCH(WhoKW,INDEX(FormData,$H18,f_Who)&""))*(ROW(WhoKW)-MIN(ROW(WhoKW))+1)))=0,"",INDEX(WhoVal,SUMPRODUCT(MAX((WhoKW<>"")*ISNUMBER(SEARCH(WhoKW,INDEX(FormData,$H18,f_Who)&""))*(ROW(WhoKW)-MIN(ROW(WhoKW))+1))))),"")) | G18: =IF($H18="","",IF(COUNTIF(People!$U$5:$U$604,$B18)+COUNTIF(People!$U$5:$U$604,$B18&"")>0,"✓ logged","→ add")) | H18: =IFERROR(IF(INDEX(FormData,15,f_Id)&""="","",15),"") | I18: =IF($H18="","",IFERROR(INDEX(FormData,$H18,f_Need)&"",""))
A19: 15 | B19: =IF($H19="","",INDEX(FormData,$H19,f_Id)) | C19: =IF($H19="","",IFERROR(INDEX(FormData,$H19,f_Time),"")) | D19: =IF($H19="","",IFERROR(UPPER(LEFT(TRIM(INDEX(FormData,$H19,f_Name)),1)&IFERROR(MID(TRIM(INDEX(FormData,$H19,f_Name)),FIND("^",SUBSTITUTE(TRIM(INDEX(FormData,$H19,f_Name))," ","^",LEN(TRIM(INDEX(FormData,$H19,f_Name)))-LEN(SUBSTITUTE(TRIM(INDEX(FormData,$H19,f_Name))," ",""))))+1,1),"")),"")) | E19: =IF($H19="","",IFERROR(INDEX(EvID,MATCH(INDEX(FormData,$H19,f_Event),EvID,0)),IFERROR(INDEX(EvID,MATCH(INDEX(FormData,$H19,f_Event),EvName,0)),IFERROR(INDEX(EvID,MATCH(INT($C19),EvDate,0)),"(no event that day)")))) | F19: =IF($H19="","",IFERROR(IF(SUMPRODUCT(MAX((WhoKW<>"")*ISNUMBER(SEARCH(WhoKW,INDEX(FormData,$H19,f_Who)&""))*(ROW(WhoKW)-MIN(ROW(WhoKW))+1)))=0,"",INDEX(WhoVal,SUMPRODUCT(MAX((WhoKW<>"")*ISNUMBER(SEARCH(WhoKW,INDEX(FormData,$H19,f_Who)&""))*(ROW(WhoKW)-MIN(ROW(WhoKW))+1))))),"")) | G19: =IF($H19="","",IF(COUNTIF(People!$U$5:$U$604,$B19)+COUNTIF(People!$U$5:$U$604,$B19&"")>0,"✓ logged","→ add")) | H19: =IFERROR(IF(INDEX(FormData,16,f_Id)&""="","",16),"") | I19: =IF($H19="","",IFERROR(INDEX(FormData,$H19,f_Need)&"",""))
A20: 16 | B20: =IF($H20="","",INDEX(FormData,$H20,f_Id)) | C20: =IF($H20="","",IFERROR(INDEX(FormData,$H20,f_Time),"")) | D20: =IF($H20="","",IFERROR(UPPER(LEFT(TRIM(INDEX(FormData,$H20,f_Name)),1)&IFERROR(MID(TRIM(INDEX(FormData,$H20,f_Name)),FIND("^",SUBSTITUTE(TRIM(INDEX(FormData,$H20,f_Name))," ","^",LEN(TRIM(INDEX(FormData,$H20,f_Name)))-LEN(SUBSTITUTE(TRIM(INDEX(FormData,$H20,f_Name))," ",""))))+1,1),"")),"")) | E20: =IF($H20="","",IFERROR(INDEX(EvID,MATCH(INDEX(FormData,$H20,f_Event),EvID,0)),IFERROR(INDEX(EvID,MATCH(INDEX(FormData,$H20,f_Event),EvName,0)),IFERROR(INDEX(EvID,MATCH(INT($C20),EvDate,0)),"(no event that day)")))) | F20: =IF($H20="","",IFERROR(IF(SUMPRODUCT(MAX((WhoKW<>"")*ISNUMBER(SEARCH(WhoKW,INDEX(FormData,$H20,f_Who)&""))*(ROW(WhoKW)-MIN(ROW(WhoKW))+1)))=0,"",INDEX(WhoVal,SUMPRODUCT(MAX((WhoKW<>"")*ISNUMBER(SEARCH(WhoKW,INDEX(FormData,$H20,f_Who)&""))*(ROW(WhoKW)-MIN(ROW(WhoKW))+1))))),"")) | G20: =IF($H20="","",IF(COUNTIF(People!$U$5:$U$604,$B20)+COUNTIF(People!$U$5:$U$604,$B20&"")>0,"✓ logged","→ add")) | H20: =IFERROR(IF(INDEX(FormData,17,f_Id)&""="","",17),"") | I20: =IF($H20="","",IFERROR(INDEX(FormData,$H20,f_Need)&"",""))
A21: 17 | B21: =IF($H21="","",INDEX(FormData,$H21,f_Id)) | C21: =IF($H21="","",IFERROR(INDEX(FormData,$H21,f_Time),"")) | D21: =IF($H21="","",IFERROR(UPPER(LEFT(TRIM(INDEX(FormData,$H21,f_Name)),1)&IFERROR(MID(TRIM(INDEX(FormData,$H21,f_Name)),FIND("^",SUBSTITUTE(TRIM(INDEX(FormData,$H21,f_Name))," ","^",LEN(TRIM(INDEX(FormData,$H21,f_Name)))-LEN(SUBSTITUTE(TRIM(INDEX(FormData,$H21,f_Name))," ",""))))+1,1),"")),"")) | E21: =IF($H21="","",IFERROR(INDEX(EvID,MATCH(INDEX(FormData,$H21,f_Event),EvID,0)),IFERROR(INDEX(EvID,MATCH(INDEX(FormData,$H21,f_Event),EvName,0)),IFERROR(INDEX(EvID,MATCH(INT($C21),EvDate,0)),"(no event that day)")))) | F21: =IF($H21="","",IFERROR(IF(SUMPRODUCT(MAX((WhoKW<>"")*ISNUMBER(SEARCH(WhoKW,INDEX(FormData,$H21,f_Who)&""))*(ROW(WhoKW)-MIN(ROW(WhoKW))+1)))=0,"",INDEX(WhoVal,SUMPRODUCT(MAX((WhoKW<>"")*ISNUMBER(SEARCH(WhoKW,INDEX(FormData,$H21,f_Who)&""))*(ROW(WhoKW)-MIN(ROW(WhoKW))+1))))),"")) | G21: =IF($H21="","",IF(COUNTIF(People!$U$5:$U$604,$B21)+COUNTIF(People!$U$5:$U$604,$B21&"")>0,"✓ logged","→ add")) | H21: =IFERROR(IF(INDEX(FormData,18,f_Id)&""="","",18),"") | I21: =IF($H21="","",IFERROR(INDEX(FormData,$H21,f_Need)&"",""))
A22: 18 | B22: =IF($H22="","",INDEX(FormData,$H22,f_Id)) | C22: =IF($H22="","",IFERROR(INDEX(FormData,$H22,f_Time),"")) | D22: =IF($H22="","",IFERROR(UPPER(LEFT(TRIM(INDEX(FormData,$H22,f_Name)),1)&IFERROR(MID(TRIM(INDEX(FormData,$H22,f_Name)),FIND("^",SUBSTITUTE(TRIM(INDEX(FormData,$H22,f_Name))," ","^",LEN(TRIM(INDEX(FormData,$H22,f_Name)))-LEN(SUBSTITUTE(TRIM(INDEX(FormData,$H22,f_Name))," ",""))))+1,1),"")),"")) | E22: =IF($H22="","",IFERROR(INDEX(EvID,MATCH(INDEX(FormData,$H22,f_Event),EvID,0)),IFERROR(INDEX(EvID,MATCH(INDEX(FormData,$H22,f_Event),EvName,0)),IFERROR(INDEX(EvID,MATCH(INT($C22),EvDate,0)),"(no event that day)")))) | F22: =IF($H22="","",IFERROR(IF(SUMPRODUCT(MAX((WhoKW<>"")*ISNUMBER(SEARCH(WhoKW,INDEX(FormData,$H22,f_Who)&""))*(ROW(WhoKW)-MIN(ROW(WhoKW))+1)))=0,"",INDEX(WhoVal,SUMPRODUCT(MAX((WhoKW<>"")*ISNUMBER(SEARCH(WhoKW,INDEX(FormData,$H22,f_Who)&""))*(ROW(WhoKW)-MIN(ROW(WhoKW))+1))))),"")) | G22: =IF($H22="","",IF(COUNTIF(People!$U$5:$U$604,$B22)+COUNTIF(People!$U$5:$U$604,$B22&"")>0,"✓ logged","→ add")) | H22: =IFERROR(IF(INDEX(FormData,19,f_Id)&""="","",19),"") | I22: =IF($H22="","",IFERROR(INDEX(FormData,$H22,f_Need)&"",""))
A23: 19 | B23: =IF($H23="","",INDEX(FormData,$H23,f_Id)) | C23: =IF($H23="","",IFERROR(INDEX(FormData,$H23,f_Time),"")) | D23: =IF($H23="","",IFERROR(UPPER(LEFT(TRIM(INDEX(FormData,$H23,f_Name)),1)&IFERROR(MID(TRIM(INDEX(FormData,$H23,f_Name)),FIND("^",SUBSTITUTE(TRIM(INDEX(FormData,$H23,f_Name))," ","^",LEN(TRIM(INDEX(FormData,$H23,f_Name)))-LEN(SUBSTITUTE(TRIM(INDEX(FormData,$H23,f_Name))," ",""))))+1,1),"")),"")) | E23: =IF($H23="","",IFERROR(INDEX(EvID,MATCH(INDEX(FormData,$H23,f_Event),EvID,0)),IFERROR(INDEX(EvID,MATCH(INDEX(FormData,$H23,f_Event),EvName,0)),IFERROR(INDEX(EvID,MATCH(INT($C23),EvDate,0)),"(no event that day)")))) | F23: =IF($H23="","",IFERROR(IF(SUMPRODUCT(MAX((WhoKW<>"")*ISNUMBER(SEARCH(WhoKW,INDEX(FormData,$H23,f_Who)&""))*(ROW(WhoKW)-MIN(ROW(WhoKW))+1)))=0,"",INDEX(WhoVal,SUMPRODUCT(MAX((WhoKW<>"")*ISNUMBER(SEARCH(WhoKW,INDEX(FormData,$H23,f_Who)&""))*(ROW(WhoKW)-MIN(ROW(WhoKW))+1))))),"")) | G23: =IF($H23="","",IF(COUNTIF(People!$U$5:$U$604,$B23)+COUNTIF(People!$U$5:$U$604,$B23&"")>0,"✓ logged","→ add")) | H23: =IFERROR(IF(INDEX(FormData,20,f_Id)&""="","",20),"") | I23: =IF($H23="","",IFERROR(INDEX(FormData,$H23,f_Need)&"",""))
A24: 20 | B24: =IF($H24="","",INDEX(FormData,$H24,f_Id)) | C24: =IF($H24="","",IFERROR(INDEX(FormData,$H24,f_Time),"")) | D24: =IF($H24="","",IFERROR(UPPER(LEFT(TRIM(INDEX(FormData,$H24,f_Name)),1)&IFERROR(MID(TRIM(INDEX(FormData,$H24,f_Name)),FIND("^",SUBSTITUTE(TRIM(INDEX(FormData,$H24,f_Name))," ","^",LEN(TRIM(INDEX(FormData,$H24,f_Name)))-LEN(SUBSTITUTE(TRIM(INDEX(FormData,$H24,f_Name))," ",""))))+1,1),"")),"")) | E24: =IF($H24="","",IFERROR(INDEX(EvID,MATCH(INDEX(FormData,$H24,f_Event),EvID,0)),IFERROR(INDEX(EvID,MATCH(INDEX(FormData,$H24,f_Event),EvName,0)),IFERROR(INDEX(EvID,MATCH(INT($C24),EvDate,0)),"(no event that day)")))) | F24: =IF($H24="","",IFERROR(IF(SUMPRODUCT(MAX((WhoKW<>"")*ISNUMBER(SEARCH(WhoKW,INDEX(FormData,$H24,f_Who)&""))*(ROW(WhoKW)-MIN(ROW(WhoKW))+1)))=0,"",INDEX(WhoVal,SUMPRODUCT(MAX((WhoKW<>"")*ISNUMBER(SEARCH(WhoKW,INDEX(FormData,$H24,f_Who)&""))*(ROW(WhoKW)-MIN(ROW(WhoKW))+1))))),"")) | G24: =IF($H24="","",IF(COUNTIF(People!$U$5:$U$604,$B24)+COUNTIF(People!$U$5:$U$604,$B24&"")>0,"✓ logged","→ add")) | H24: =IFERROR(IF(INDEX(FormData,21,f_Id)&""="","",21),"") | I24: =IF($H24="","",IFERROR(INDEX(FormData,$H24,f_Need)&"",""))
A25: 21 | B25: =IF($H25="","",INDEX(FormData,$H25,f_Id)) | C25: =IF($H25="","",IFERROR(INDEX(FormData,$H25,f_Time),"")) | D25: =IF($H25="","",IFERROR(UPPER(LEFT(TRIM(INDEX(FormData,$H25,f_Name)),1)&IFERROR(MID(TRIM(INDEX(FormData,$H25,f_Name)),FIND("^",SUBSTITUTE(TRIM(INDEX(FormData,$H25,f_Name))," ","^",LEN(TRIM(INDEX(FormData,$H25,f_Name)))-LEN(SUBSTITUTE(TRIM(INDEX(FormData,$H25,f_Name))," ",""))))+1,1),"")),"")) | E25: =IF($H25="","",IFERROR(INDEX(EvID,MATCH(INDEX(FormData,$H25,f_Event),EvID,0)),IFERROR(INDEX(EvID,MATCH(INDEX(FormData,$H25,f_Event),EvName,0)),IFERROR(INDEX(EvID,MATCH(INT($C25),EvDate,0)),"(no event that day)")))) | F25: =IF($H25="","",IFERROR(IF(SUMPRODUCT(MAX((WhoKW<>"")*ISNUMBER(SEARCH(WhoKW,INDEX(FormData,$H25,f_Who)&""))*(ROW(WhoKW)-MIN(ROW(WhoKW))+1)))=0,"",INDEX(WhoVal,SUMPRODUCT(MAX((WhoKW<>"")*ISNUMBER(SEARCH(WhoKW,INDEX(FormData,$H25,f_Who)&""))*(ROW(WhoKW)-MIN(ROW(WhoKW))+1))))),"")) | G25: =IF($H25="","",IF(COUNTIF(People!$U$5:$U$604,$B25)+COUNTIF(People!$U$5:$U$604,$B25&"")>0,"✓ logged","→ add")) | H25: =IFERROR(IF(INDEX(FormData,22,f_Id)&""="","",22),"") | I25: =IF($H25="","",IFERROR(INDEX(FormData,$H25,f_Need)&"",""))
A26: 22 | B26: =IF($H26="","",INDEX(FormData,$H26,f_Id)) | C26: =IF($H26="","",IFERROR(INDEX(FormData,$H26,f_Time),"")) | D26: =IF($H26="","",IFERROR(UPPER(LEFT(TRIM(INDEX(FormData,$H26,f_Name)),1)&IFERROR(MID(TRIM(INDEX(FormData,$H26,f_Name)),FIND("^",SUBSTITUTE(TRIM(INDEX(FormData,$H26,f_Name))," ","^",LEN(TRIM(INDEX(FormData,$H26,f_Name)))-LEN(SUBSTITUTE(TRIM(INDEX(FormData,$H26,f_Name))," ",""))))+1,1),"")),"")) | E26: =IF($H26="","",IFERROR(INDEX(EvID,MATCH(INDEX(FormData,$H26,f_Event),EvID,0)),IFERROR(INDEX(EvID,MATCH(INDEX(FormData,$H26,f_Event),EvName,0)),IFERROR(INDEX(EvID,MATCH(INT($C26),EvDate,0)),"(no event that day)")))) | F26: =IF($H26="","",IFERROR(IF(SUMPRODUCT(MAX((WhoKW<>"")*ISNUMBER(SEARCH(WhoKW,INDEX(FormData,$H26,f_Who)&""))*(ROW(WhoKW)-MIN(ROW(WhoKW))+1)))=0,"",INDEX(WhoVal,SUMPRODUCT(MAX((WhoKW<>"")*ISNUMBER(SEARCH(WhoKW,INDEX(FormData,$H26,f_Who)&""))*(ROW(WhoKW)-MIN(ROW(WhoKW))+1))))),"")) | G26: =IF($H26="","",IF(COUNTIF(People!$U$5:$U$604,$B26)+COUNTIF(People!$U$5:$U$604,$B26&"")>0,"✓ logged","→ add")) | H26: =IFERROR(IF(INDEX(FormData,23,f_Id)&""="","",23),"") | I26: =IF($H26="","",IFERROR(INDEX(FormData,$H26,f_Need)&"",""))
A27: 23 | B27: =IF($H27="","",INDEX(FormData,$H27,f_Id)) | C27: =IF($H27="","",IFERROR(INDEX(FormData,$H27,f_Time),"")) | D27: =IF($H27="","",IFERROR(UPPER(LEFT(TRIM(INDEX(FormData,$H27,f_Name)),1)&IFERROR(MID(TRIM(INDEX(FormData,$H27,f_Name)),FIND("^",SUBSTITUTE(TRIM(INDEX(FormData,$H27,f_Name))," ","^",LEN(TRIM(INDEX(FormData,$H27,f_Name)))-LEN(SUBSTITUTE(TRIM(INDEX(FormData,$H27,f_Name))," ",""))))+1,1),"")),"")) | E27: =IF($H27="","",IFERROR(INDEX(EvID,MATCH(INDEX(FormData,$H27,f_Event),EvID,0)),IFERROR(INDEX(EvID,MATCH(INDEX(FormData,$H27,f_Event),EvName,0)),IFERROR(INDEX(EvID,MATCH(INT($C27),EvDate,0)),"(no event that day)")))) | F27: =IF($H27="","",IFERROR(IF(SUMPRODUCT(MAX((WhoKW<>"")*ISNUMBER(SEARCH(WhoKW,INDEX(FormData,$H27,f_Who)&""))*(ROW(WhoKW)-MIN(ROW(WhoKW))+1)))=0,"",INDEX(WhoVal,SUMPRODUCT(MAX((WhoKW<>"")*ISNUMBER(SEARCH(WhoKW,INDEX(FormData,$H27,f_Who)&""))*(ROW(WhoKW)-MIN(ROW(WhoKW))+1))))),"")) | G27: =IF($H27="","",IF(COUNTIF(People!$U$5:$U$604,$B27)+COUNTIF(People!$U$5:$U$604,$B27&"")>0,"✓ logged","→ add")) | H27: =IFERROR(IF(INDEX(FormData,24,f_Id)&""="","",24),"") | I27: =IF($H27="","",IFERROR(INDEX(FormData,$H27,f_Need)&"",""))
A28: 24 | B28: =IF($H28="","",INDEX(FormData,$H28,f_Id)) | C28: =IF($H28="","",IFERROR(INDEX(FormData,$H28,f_Time),"")) | D28: =IF($H28="","",IFERROR(UPPER(LEFT(TRIM(INDEX(FormData,$H28,f_Name)),1)&IFERROR(MID(TRIM(INDEX(FormData,$H28,f_Name)),FIND("^",SUBSTITUTE(TRIM(INDEX(FormData,$H28,f_Name))," ","^",LEN(TRIM(INDEX(FormData,$H28,f_Name)))-LEN(SUBSTITUTE(TRIM(INDEX(FormData,$H28,f_Name))," ",""))))+1,1),"")),"")) | E28: =IF($H28="","",IFERROR(INDEX(EvID,MATCH(INDEX(FormData,$H28,f_Event),EvID,0)),IFERROR(INDEX(EvID,MATCH(INDEX(FormData,$H28,f_Event),EvName,0)),IFERROR(INDEX(EvID,MATCH(INT($C28),EvDate,0)),"(no event that day)")))) | F28: =IF($H28="","",IFERROR(IF(SUMPRODUCT(MAX((WhoKW<>"")*ISNUMBER(SEARCH(WhoKW,INDEX(FormData,$H28,f_Who)&""))*(ROW(WhoKW)-MIN(ROW(WhoKW))+1)))=0,"",INDEX(WhoVal,SUMPRODUCT(MAX((WhoKW<>"")*ISNUMBER(SEARCH(WhoKW,INDEX(FormData,$H28,f_Who)&""))*(ROW(WhoKW)-MIN(ROW(WhoKW))+1))))),"")) | G28: =IF($H28="","",IF(COUNTIF(People!$U$5:$U$604,$B28)+COUNTIF(People!$U$5:$U$604,$B28&"")>0,"✓ logged","→ add")) | H28: =IFERROR(IF(INDEX(FormData,25,f_Id)&""="","",25),"") | I28: =IF($H28="","",IFERROR(INDEX(FormData,$H28,f_Need)&"",""))
A29: 25 | B29: =IF($H29="","",INDEX(FormData,$H29,f_Id)) | C29: =IF($H29="","",IFERROR(INDEX(FormData,$H29,f_Time),"")) | D29: =IF($H29="","",IFERROR(UPPER(LEFT(TRIM(INDEX(FormData,$H29,f_Name)),1)&IFERROR(MID(TRIM(INDEX(FormData,$H29,f_Name)),FIND("^",SUBSTITUTE(TRIM(INDEX(FormData,$H29,f_Name))," ","^",LEN(TRIM(INDEX(FormData,$H29,f_Name)))-LEN(SUBSTITUTE(TRIM(INDEX(FormData,$H29,f_Name))," ",""))))+1,1),"")),"")) | E29: =IF($H29="","",IFERROR(INDEX(EvID,MATCH(INDEX(FormData,$H29,f_Event),EvID,0)),IFERROR(INDEX(EvID,MATCH(INDEX(FormData,$H29,f_Event),EvName,0)),IFERROR(INDEX(EvID,MATCH(INT($C29),EvDate,0)),"(no event that day)")))) | F29: =IF($H29="","",IFERROR(IF(SUMPRODUCT(MAX((WhoKW<>"")*ISNUMBER(SEARCH(WhoKW,INDEX(FormData,$H29,f_Who)&""))*(ROW(WhoKW)-MIN(ROW(WhoKW))+1)))=0,"",INDEX(WhoVal,SUMPRODUCT(MAX((WhoKW<>"")*ISNUMBER(SEARCH(WhoKW,INDEX(FormData,$H29,f_Who)&""))*(ROW(WhoKW)-MIN(ROW(WhoKW))+1))))),"")) | G29: =IF($H29="","",IF(COUNTIF(People!$U$5:$U$604,$B29)+COUNTIF(People!$U$5:$U$604,$B29&"")>0,"✓ logged","→ add")) | H29: =IFERROR(IF(INDEX(FormData,26,f_Id)&""="","",26),"") | I29: =IF($H29="","",IFERROR(INDEX(FormData,$H29,f_Need)&"",""))
A30: 26 | B30: =IF($H30="","",INDEX(FormData,$H30,f_Id)) | C30: =IF($H30="","",IFERROR(INDEX(FormData,$H30,f_Time),"")) | D30: =IF($H30="","",IFERROR(UPPER(LEFT(TRIM(INDEX(FormData,$H30,f_Name)),1)&IFERROR(MID(TRIM(INDEX(FormData,$H30,f_Name)),FIND("^",SUBSTITUTE(TRIM(INDEX(FormData,$H30,f_Name))," ","^",LEN(TRIM(INDEX(FormData,$H30,f_Name)))-LEN(SUBSTITUTE(TRIM(INDEX(FormData,$H30,f_Name))," ",""))))+1,1),"")),"")) | E30: =IF($H30="","",IFERROR(INDEX(EvID,MATCH(INDEX(FormData,$H30,f_Event),EvID,0)),IFERROR(INDEX(EvID,MATCH(INDEX(FormData,$H30,f_Event),EvName,0)),IFERROR(INDEX(EvID,MATCH(INT($C30),EvDate,0)),"(no event that day)")))) | F30: =IF($H30="","",IFERROR(IF(SUMPRODUCT(MAX((WhoKW<>"")*ISNUMBER(SEARCH(WhoKW,INDEX(FormData,$H30,f_Who)&""))*(ROW(WhoKW)-MIN(ROW(WhoKW))+1)))=0,"",INDEX(WhoVal,SUMPRODUCT(MAX((WhoKW<>"")*ISNUMBER(SEARCH(WhoKW,INDEX(FormData,$H30,f_Who)&""))*(ROW(WhoKW)-MIN(ROW(WhoKW))+1))))),"")) | G30: =IF($H30="","",IF(COUNTIF(People!$U$5:$U$604,$B30)+COUNTIF(People!$U$5:$U$604,$B30&"")>0,"✓ logged","→ add")) | H30: =IFERROR(IF(INDEX(FormData,27,f_Id)&""="","",27),"") | I30: =IF($H30="","",IFERROR(INDEX(FormData,$H30,f_Need)&"",""))
A31: 27 | B31: =IF($H31="","",INDEX(FormData,$H31,f_Id)) | C31: =IF($H31="","",IFERROR(INDEX(FormData,$H31,f_Time),"")) | D31: =IF($H31="","",IFERROR(UPPER(LEFT(TRIM(INDEX(FormData,$H31,f_Name)),1)&IFERROR(MID(TRIM(INDEX(FormData,$H31,f_Name)),FIND("^",SUBSTITUTE(TRIM(INDEX(FormData,$H31,f_Name))," ","^",LEN(TRIM(INDEX(FormData,$H31,f_Name)))-LEN(SUBSTITUTE(TRIM(INDEX(FormData,$H31,f_Name))," ",""))))+1,1),"")),"")) | E31: =IF($H31="","",IFERROR(INDEX(EvID,MATCH(INDEX(FormData,$H31,f_Event),EvID,0)),IFERROR(INDEX(EvID,MATCH(INDEX(FormData,$H31,f_Event),EvName,0)),IFERROR(INDEX(EvID,MATCH(INT($C31),EvDate,0)),"(no event that day)")))) | F31: =IF($H31="","",IFERROR(IF(SUMPRODUCT(MAX((WhoKW<>"")*ISNUMBER(SEARCH(WhoKW,INDEX(FormData,$H31,f_Who)&""))*(ROW(WhoKW)-MIN(ROW(WhoKW))+1)))=0,"",INDEX(WhoVal,SUMPRODUCT(MAX((WhoKW<>"")*ISNUMBER(SEARCH(WhoKW,INDEX(FormData,$H31,f_Who)&""))*(ROW(WhoKW)-MIN(ROW(WhoKW))+1))))),"")) | G31: =IF($H31="","",IF(COUNTIF(People!$U$5:$U$604,$B31)+COUNTIF(People!$U$5:$U$604,$B31&"")>0,"✓ logged","→ add")) | H31: =IFERROR(IF(INDEX(FormData,28,f_Id)&""="","",28),"") | I31: =IF($H31="","",IFERROR(INDEX(FormData,$H31,f_Need)&"",""))
A32: 28 | B32: =IF($H32="","",INDEX(FormData,$H32,f_Id)) | C32: =IF($H32="","",IFERROR(INDEX(FormData,$H32,f_Time),"")) | D32: =IF($H32="","",IFERROR(UPPER(LEFT(TRIM(INDEX(FormData,$H32,f_Name)),1)&IFERROR(MID(TRIM(INDEX(FormData,$H32,f_Name)),FIND("^",SUBSTITUTE(TRIM(INDEX(FormData,$H32,f_Name))," ","^",LEN(TRIM(INDEX(FormData,$H32,f_Name)))-LEN(SUBSTITUTE(TRIM(INDEX(FormData,$H32,f_Name))," ",""))))+1,1),"")),"")) | E32: =IF($H32="","",IFERROR(INDEX(EvID,MATCH(INDEX(FormData,$H32,f_Event),EvID,0)),IFERROR(INDEX(EvID,MATCH(INDEX(FormData,$H32,f_Event),EvName,0)),IFERROR(INDEX(EvID,MATCH(INT($C32),EvDate,0)),"(no event that day)")))) | F32: =IF($H32="","",IFERROR(IF(SUMPRODUCT(MAX((WhoKW<>"")*ISNUMBER(SEARCH(WhoKW,INDEX(FormData,$H32,f_Who)&""))*(ROW(WhoKW)-MIN(ROW(WhoKW))+1)))=0,"",INDEX(WhoVal,SUMPRODUCT(MAX((WhoKW<>"")*ISNUMBER(SEARCH(WhoKW,INDEX(FormData,$H32,f_Who)&""))*(ROW(WhoKW)-MIN(ROW(WhoKW))+1))))),"")) | G32: =IF($H32="","",IF(COUNTIF(People!$U$5:$U$604,$B32)+COUNTIF(People!$U$5:$U$604,$B32&"")>0,"✓ logged","→ add")) | H32: =IFERROR(IF(INDEX(FormData,29,f_Id)&""="","",29),"") | I32: =IF($H32="","",IFERROR(INDEX(FormData,$H32,f_Need)&"",""))
A33: 29 | B33: =IF($H33="","",INDEX(FormData,$H33,f_Id)) | C33: =IF($H33="","",IFERROR(INDEX(FormData,$H33,f_Time),"")) | D33: =IF($H33="","",IFERROR(UPPER(LEFT(TRIM(INDEX(FormData,$H33,f_Name)),1)&IFERROR(MID(TRIM(INDEX(FormData,$H33,f_Name)),FIND("^",SUBSTITUTE(TRIM(INDEX(FormData,$H33,f_Name))," ","^",LEN(TRIM(INDEX(FormData,$H33,f_Name)))-LEN(SUBSTITUTE(TRIM(INDEX(FormData,$H33,f_Name))," ",""))))+1,1),"")),"")) | E33: =IF($H33="","",IFERROR(INDEX(EvID,MATCH(INDEX(FormData,$H33,f_Event),EvID,0)),IFERROR(INDEX(EvID,MATCH(INDEX(FormData,$H33,f_Event),EvName,0)),IFERROR(INDEX(EvID,MATCH(INT($C33),EvDate,0)),"(no event that day)")))) | F33: =IF($H33="","",IFERROR(IF(SUMPRODUCT(MAX((WhoKW<>"")*ISNUMBER(SEARCH(WhoKW,INDEX(FormData,$H33,f_Who)&""))*(ROW(WhoKW)-MIN(ROW(WhoKW))+1)))=0,"",INDEX(WhoVal,SUMPRODUCT(MAX((WhoKW<>"")*ISNUMBER(SEARCH(WhoKW,INDEX(FormData,$H33,f_Who)&""))*(ROW(WhoKW)-MIN(ROW(WhoKW))+1))))),"")) | G33: =IF($H33="","",IF(COUNTIF(People!$U$5:$U$604,$B33)+COUNTIF(People!$U$5:$U$604,$B33&"")>0,"✓ logged","→ add")) | H33: =IFERROR(IF(INDEX(FormData,30,f_Id)&""="","",30),"") | I33: =IF($H33="","",IFERROR(INDEX(FormData,$H33,f_Need)&"",""))
A34: 30 | B34: =IF($H34="","",INDEX(FormData,$H34,f_Id)) | C34: =IF($H34="","",IFERROR(INDEX(FormData,$H34,f_Time),"")) | D34: =IF($H34="","",IFERROR(UPPER(LEFT(TRIM(INDEX(FormData,$H34,f_Name)),1)&IFERROR(MID(TRIM(INDEX(FormData,$H34,f_Name)),FIND("^",SUBSTITUTE(TRIM(INDEX(FormData,$H34,f_Name))," ","^",LEN(TRIM(INDEX(FormData,$H34,f_Name)))-LEN(SUBSTITUTE(TRIM(INDEX(FormData,$H34,f_Name))," ",""))))+1,1),"")),"")) | E34: =IF($H34="","",IFERROR(INDEX(EvID,MATCH(INDEX(FormData,$H34,f_Event),EvID,0)),IFERROR(INDEX(EvID,MATCH(INDEX(FormData,$H34,f_Event),EvName,0)),IFERROR(INDEX(EvID,MATCH(INT($C34),EvDate,0)),"(no event that day)")))) | F34: =IF($H34="","",IFERROR(IF(SUMPRODUCT(MAX((WhoKW<>"")*ISNUMBER(SEARCH(WhoKW,INDEX(FormData,$H34,f_Who)&""))*(ROW(WhoKW)-MIN(ROW(WhoKW))+1)))=0,"",INDEX(WhoVal,SUMPRODUCT(MAX((WhoKW<>"")*ISNUMBER(SEARCH(WhoKW,INDEX(FormData,$H34,f_Who)&""))*(ROW(WhoKW)-MIN(ROW(WhoKW))+1))))),"")) | G34: =IF($H34="","",IF(COUNTIF(People!$U$5:$U$604,$B34)+COUNTIF(People!$U$5:$U$604,$B34&"")>0,"✓ logged","→ add")) | H34: =IFERROR(IF(INDEX(FormData,31,f_Id)&""="","",31),"") | I34: =IF($H34="","",IFERROR(INDEX(FormData,$H34,f_Need)&"",""))
A35: 31 | B35: =IF($H35="","",INDEX(FormData,$H35,f_Id)) | C35: =IF($H35="","",IFERROR(INDEX(FormData,$H35,f_Time),"")) | D35: =IF($H35="","",IFERROR(UPPER(LEFT(TRIM(INDEX(FormData,$H35,f_Name)),1)&IFERROR(MID(TRIM(INDEX(FormData,$H35,f_Name)),FIND("^",SUBSTITUTE(TRIM(INDEX(FormData,$H35,f_Name))," ","^",LEN(TRIM(INDEX(FormData,$H35,f_Name)))-LEN(SUBSTITUTE(TRIM(INDEX(FormData,$H35,f_Name))," ",""))))+1,1),"")),"")) | E35: =IF($H35="","",IFERROR(INDEX(EvID,MATCH(INDEX(FormData,$H35,f_Event),EvID,0)),IFERROR(INDEX(EvID,MATCH(INDEX(FormData,$H35,f_Event),EvName,0)),IFERROR(INDEX(EvID,MATCH(INT($C35),EvDate,0)),"(no event that day)")))) | F35: =IF($H35="","",IFERROR(IF(SUMPRODUCT(MAX((WhoKW<>"")*ISNUMBER(SEARCH(WhoKW,INDEX(FormData,$H35,f_Who)&""))*(ROW(WhoKW)-MIN(ROW(WhoKW))+1)))=0,"",INDEX(WhoVal,SUMPRODUCT(MAX((WhoKW<>"")*ISNUMBER(SEARCH(WhoKW,INDEX(FormData,$H35,f_Who)&""))*(ROW(WhoKW)-MIN(ROW(WhoKW))+1))))),"")) | G35: =IF($H35="","",IF(COUNTIF(People!$U$5:$U$604,$B35)+COUNTIF(People!$U$5:$U$604,$B35&"")>0,"✓ logged","→ add")) | H35: =IFERROR(IF(INDEX(FormData,32,f_Id)&""="","",32),"") | I35: =IF($H35="","",IFERROR(INDEX(FormData,$H35,f_Need)&"",""))
A36: 32 | B36: =IF($H36="","",INDEX(FormData,$H36,f_Id)) | C36: =IF($H36="","",IFERROR(INDEX(FormData,$H36,f_Time),"")) | D36: =IF($H36="","",IFERROR(UPPER(LEFT(TRIM(INDEX(FormData,$H36,f_Name)),1)&IFERROR(MID(TRIM(INDEX(FormData,$H36,f_Name)),FIND("^",SUBSTITUTE(TRIM(INDEX(FormData,$H36,f_Name))," ","^",LEN(TRIM(INDEX(FormData,$H36,f_Name)))-LEN(SUBSTITUTE(TRIM(INDEX(FormData,$H36,f_Name))," ",""))))+1,1),"")),"")) | E36: =IF($H36="","",IFERROR(INDEX(EvID,MATCH(INDEX(FormData,$H36,f_Event),EvID,0)),IFERROR(INDEX(EvID,MATCH(INDEX(FormData,$H36,f_Event),EvName,0)),IFERROR(INDEX(EvID,MATCH(INT($C36),EvDate,0)),"(no event that day)")))) | F36: =IF($H36="","",IFERROR(IF(SUMPRODUCT(MAX((WhoKW<>"")*ISNUMBER(SEARCH(WhoKW,INDEX(FormData,$H36,f_Who)&""))*(ROW(WhoKW)-MIN(ROW(WhoKW))+1)))=0,"",INDEX(WhoVal,SUMPRODUCT(MAX((WhoKW<>"")*ISNUMBER(SEARCH(WhoKW,INDEX(FormData,$H36,f_Who)&""))*(ROW(WhoKW)-MIN(ROW(WhoKW))+1))))),"")) | G36: =IF($H36="","",IF(COUNTIF(People!$U$5:$U$604,$B36)+COUNTIF(People!$U$5:$U$604,$B36&"")>0,"✓ logged","→ add")) | H36: =IFERROR(IF(INDEX(FormData,33,f_Id)&""="","",33),"") | I36: =IF($H36="","",IFERROR(INDEX(FormData,$H36,f_Need)&"",""))
A37: 33 | B37: =IF($H37="","",INDEX(FormData,$H37,f_Id)) | C37: =IF($H37="","",IFERROR(INDEX(FormData,$H37,f_Time),"")) | D37: =IF($H37="","",IFERROR(UPPER(LEFT(TRIM(INDEX(FormData,$H37,f_Name)),1)&IFERROR(MID(TRIM(INDEX(FormData,$H37,f_Name)),FIND("^",SUBSTITUTE(TRIM(INDEX(FormData,$H37,f_Name))," ","^",LEN(TRIM(INDEX(FormData,$H37,f_Name)))-LEN(SUBSTITUTE(TRIM(INDEX(FormData,$H37,f_Name))," ",""))))+1,1),"")),"")) | E37: =IF($H37="","",IFERROR(INDEX(EvID,MATCH(INDEX(FormData,$H37,f_Event),EvID,0)),IFERROR(INDEX(EvID,MATCH(INDEX(FormData,$H37,f_Event),EvName,0)),IFERROR(INDEX(EvID,MATCH(INT($C37),EvDate,0)),"(no event that day)")))) | F37: =IF($H37="","",IFERROR(IF(SUMPRODUCT(MAX((WhoKW<>"")*ISNUMBER(SEARCH(WhoKW,INDEX(FormData,$H37,f_Who)&""))*(ROW(WhoKW)-MIN(ROW(WhoKW))+1)))=0,"",INDEX(WhoVal,SUMPRODUCT(MAX((WhoKW<>"")*ISNUMBER(SEARCH(WhoKW,INDEX(FormData,$H37,f_Who)&""))*(ROW(WhoKW)-MIN(ROW(WhoKW))+1))))),"")) | G37: =IF($H37="","",IF(COUNTIF(People!$U$5:$U$604,$B37)+COUNTIF(People!$U$5:$U$604,$B37&"")>0,"✓ logged","→ add")) | H37: =IFERROR(IF(INDEX(FormData,34,f_Id)&""="","",34),"") | I37: =IF($H37="","",IFERROR(INDEX(FormData,$H37,f_Need)&"",""))
A38: 34 | B38: =IF($H38="","",INDEX(FormData,$H38,f_Id)) | C38: =IF($H38="","",IFERROR(INDEX(FormData,$H38,f_Time),"")) | D38: =IF($H38="","",IFERROR(UPPER(LEFT(TRIM(INDEX(FormData,$H38,f_Name)),1)&IFERROR(MID(TRIM(INDEX(FormData,$H38,f_Name)),FIND("^",SUBSTITUTE(TRIM(INDEX(FormData,$H38,f_Name))," ","^",LEN(TRIM(INDEX(FormData,$H38,f_Name)))-LEN(SUBSTITUTE(TRIM(INDEX(FormData,$H38,f_Name))," ",""))))+1,1),"")),"")) | E38: =IF($H38="","",IFERROR(INDEX(EvID,MATCH(INDEX(FormData,$H38,f_Event),EvID,0)),IFERROR(INDEX(EvID,MATCH(INDEX(FormData,$H38,f_Event),EvName,0)),IFERROR(INDEX(EvID,MATCH(INT($C38),EvDate,0)),"(no event that day)")))) | F38: =IF($H38="","",IFERROR(IF(SUMPRODUCT(MAX((WhoKW<>"")*ISNUMBER(SEARCH(WhoKW,INDEX(FormData,$H38,f_Who)&""))*(ROW(WhoKW)-MIN(ROW(WhoKW))+1)))=0,"",INDEX(WhoVal,SUMPRODUCT(MAX((WhoKW<>"")*ISNUMBER(SEARCH(WhoKW,INDEX(FormData,$H38,f_Who)&""))*(ROW(WhoKW)-MIN(ROW(WhoKW))+1))))),"")) | G38: =IF($H38="","",IF(COUNTIF(People!$U$5:$U$604,$B38)+COUNTIF(People!$U$5:$U$604,$B38&"")>0,"✓ logged","→ add")) | H38: =IFERROR(IF(INDEX(FormData,35,f_Id)&""="","",35),"") | I38: =IF($H38="","",IFERROR(INDEX(FormData,$H38,f_Need)&"",""))
A39: 35 | B39: =IF($H39="","",INDEX(FormData,$H39,f_Id)) | C39: =IF($H39="","",IFERROR(INDEX(FormData,$H39,f_Time),"")) | D39: =IF($H39="","",IFERROR(UPPER(LEFT(TRIM(INDEX(FormData,$H39,f_Name)),1)&IFERROR(MID(TRIM(INDEX(FormData,$H39,f_Name)),FIND("^",SUBSTITUTE(TRIM(INDEX(FormData,$H39,f_Name))," ","^",LEN(TRIM(INDEX(FormData,$H39,f_Name)))-LEN(SUBSTITUTE(TRIM(INDEX(FormData,$H39,f_Name))," ",""))))+1,1),"")),"")) | E39: =IF($H39="","",IFERROR(INDEX(EvID,MATCH(INDEX(FormData,$H39,f_Event),EvID,0)),IFERROR(INDEX(EvID,MATCH(INDEX(FormData,$H39,f_Event),EvName,0)),IFERROR(INDEX(EvID,MATCH(INT($C39),EvDate,0)),"(no event that day)")))) | F39: =IF($H39="","",IFERROR(IF(SUMPRODUCT(MAX((WhoKW<>"")*ISNUMBER(SEARCH(WhoKW,INDEX(FormData,$H39,f_Who)&""))*(ROW(WhoKW)-MIN(ROW(WhoKW))+1)))=0,"",INDEX(WhoVal,SUMPRODUCT(MAX((WhoKW<>"")*ISNUMBER(SEARCH(WhoKW,INDEX(FormData,$H39,f_Who)&""))*(ROW(WhoKW)-MIN(ROW(WhoKW))+1))))),"")) | G39: =IF($H39="","",IF(COUNTIF(People!$U$5:$U$604,$B39)+COUNTIF(People!$U$5:$U$604,$B39&"")>0,"✓ logged","→ add")) | H39: =IFERROR(IF(INDEX(FormData,36,f_Id)&""="","",36),"") | I39: =IF($H39="","",IFERROR(INDEX(FormData,$H39,f_Need)&"",""))
A40: 36 | B40: =IF($H40="","",INDEX(FormData,$H40,f_Id)) | C40: =IF($H40="","",IFERROR(INDEX(FormData,$H40,f_Time),"")) | D40: =IF($H40="","",IFERROR(UPPER(LEFT(TRIM(INDEX(FormData,$H40,f_Name)),1)&IFERROR(MID(TRIM(INDEX(FormData,$H40,f_Name)),FIND("^",SUBSTITUTE(TRIM(INDEX(FormData,$H40,f_Name))," ","^",LEN(TRIM(INDEX(FormData,$H40,f_Name)))-LEN(SUBSTITUTE(TRIM(INDEX(FormData,$H40,f_Name))," ",""))))+1,1),"")),"")) | E40: =IF($H40="","",IFERROR(INDEX(EvID,MATCH(INDEX(FormData,$H40,f_Event),EvID,0)),IFERROR(INDEX(EvID,MATCH(INDEX(FormData,$H40,f_Event),EvName,0)),IFERROR(INDEX(EvID,MATCH(INT($C40),EvDate,0)),"(no event that day)")))) | F40: =IF($H40="","",IFERROR(IF(SUMPRODUCT(MAX((WhoKW<>"")*ISNUMBER(SEARCH(WhoKW,INDEX(FormData,$H40,f_Who)&""))*(ROW(WhoKW)-MIN(ROW(WhoKW))+1)))=0,"",INDEX(WhoVal,SUMPRODUCT(MAX((WhoKW<>"")*ISNUMBER(SEARCH(WhoKW,INDEX(FormData,$H40,f_Who)&""))*(ROW(WhoKW)-MIN(ROW(WhoKW))+1))))),"")) | G40: =IF($H40="","",IF(COUNTIF(People!$U$5:$U$604,$B40)+COUNTIF(People!$U$5:$U$604,$B40&"")>0,"✓ logged","→ add")) | H40: =IFERROR(IF(INDEX(FormData,37,f_Id)&""="","",37),"") | I40: =IF($H40="","",IFERROR(INDEX(FormData,$H40,f_Need)&"",""))
A41: 37 | B41: =IF($H41="","",INDEX(FormData,$H41,f_Id)) | C41: =IF($H41="","",IFERROR(INDEX(FormData,$H41,f_Time),"")) | D41: =IF($H41="","",IFERROR(UPPER(LEFT(TRIM(INDEX(FormData,$H41,f_Name)),1)&IFERROR(MID(TRIM(INDEX(FormData,$H41,f_Name)),FIND("^",SUBSTITUTE(TRIM(INDEX(FormData,$H41,f_Name))," ","^",LEN(TRIM(INDEX(FormData,$H41,f_Name)))-LEN(SUBSTITUTE(TRIM(INDEX(FormData,$H41,f_Name))," ",""))))+1,1),"")),"")) | E41: =IF($H41="","",IFERROR(INDEX(EvID,MATCH(INDEX(FormData,$H41,f_Event),EvID,0)),IFERROR(INDEX(EvID,MATCH(INDEX(FormData,$H41,f_Event),EvName,0)),IFERROR(INDEX(EvID,MATCH(INT($C41),EvDate,0)),"(no event that day)")))) | F41: =IF($H41="","",IFERROR(IF(SUMPRODUCT(MAX((WhoKW<>"")*ISNUMBER(SEARCH(WhoKW,INDEX(FormData,$H41,f_Who)&""))*(ROW(WhoKW)-MIN(ROW(WhoKW))+1)))=0,"",INDEX(WhoVal,SUMPRODUCT(MAX((WhoKW<>"")*ISNUMBER(SEARCH(WhoKW,INDEX(FormData,$H41,f_Who)&""))*(ROW(WhoKW)-MIN(ROW(WhoKW))+1))))),"")) | G41: =IF($H41="","",IF(COUNTIF(People!$U$5:$U$604,$B41)+COUNTIF(People!$U$5:$U$604,$B41&"")>0,"✓ logged","→ add")) | H41: =IFERROR(IF(INDEX(FormData,38,f_Id)&""="","",38),"") | I41: =IF($H41="","",IFERROR(INDEX(FormData,$H41,f_Need)&"",""))
A42: 38 | B42: =IF($H42="","",INDEX(FormData,$H42,f_Id)) | C42: =IF($H42="","",IFERROR(INDEX(FormData,$H42,f_Time),"")) | D42: =IF($H42="","",IFERROR(UPPER(LEFT(TRIM(INDEX(FormData,$H42,f_Name)),1)&IFERROR(MID(TRIM(INDEX(FormData,$H42,f_Name)),FIND("^",SUBSTITUTE(TRIM(INDEX(FormData,$H42,f_Name))," ","^",LEN(TRIM(INDEX(FormData,$H42,f_Name)))-LEN(SUBSTITUTE(TRIM(INDEX(FormData,$H42,f_Name))," ",""))))+1,1),"")),"")) | E42: =IF($H42="","",IFERROR(INDEX(EvID,MATCH(INDEX(FormData,$H42,f_Event),EvID,0)),IFERROR(INDEX(EvID,MATCH(INDEX(FormData,$H42,f_Event),EvName,0)),IFERROR(INDEX(EvID,MATCH(INT($C42),EvDate,0)),"(no event that day)")))) | F42: =IF($H42="","",IFERROR(IF(SUMPRODUCT(MAX((WhoKW<>"")*ISNUMBER(SEARCH(WhoKW,INDEX(FormData,$H42,f_Who)&""))*(ROW(WhoKW)-MIN(ROW(WhoKW))+1)))=0,"",INDEX(WhoVal,SUMPRODUCT(MAX((WhoKW<>"")*ISNUMBER(SEARCH(WhoKW,INDEX(FormData,$H42,f_Who)&""))*(ROW(WhoKW)-MIN(ROW(WhoKW))+1))))),"")) | G42: =IF($H42="","",IF(COUNTIF(People!$U$5:$U$604,$B42)+COUNTIF(People!$U$5:$U$604,$B42&"")>0,"✓ logged","→ add")) | H42: =IFERROR(IF(INDEX(FormData,39,f_Id)&""="","",39),"") | I42: =IF($H42="","",IFERROR(INDEX(FormData,$H42,f_Need)&"",""))
A43: 39 | B43: =IF($H43="","",INDEX(FormData,$H43,f_Id)) | C43: =IF($H43="","",IFERROR(INDEX(FormData,$H43,f_Time),"")) | D43: =IF($H43="","",IFERROR(UPPER(LEFT(TRIM(INDEX(FormData,$H43,f_Name)),1)&IFERROR(MID(TRIM(INDEX(FormData,$H43,f_Name)),FIND("^",SUBSTITUTE(TRIM(INDEX(FormData,$H43,f_Name))," ","^",LEN(TRIM(INDEX(FormData,$H43,f_Name)))-LEN(SUBSTITUTE(TRIM(INDEX(FormData,$H43,f_Name))," ",""))))+1,1),"")),"")) | E43: =IF($H43="","",IFERROR(INDEX(EvID,MATCH(INDEX(FormData,$H43,f_Event),EvID,0)),IFERROR(INDEX(EvID,MATCH(INDEX(FormData,$H43,f_Event),EvName,0)),IFERROR(INDEX(EvID,MATCH(INT($C43),EvDate,0)),"(no event that day)")))) | F43: =IF($H43="","",IFERROR(IF(SUMPRODUCT(MAX((WhoKW<>"")*ISNUMBER(SEARCH(WhoKW,INDEX(FormData,$H43,f_Who)&""))*(ROW(WhoKW)-MIN(ROW(WhoKW))+1)))=0,"",INDEX(WhoVal,SUMPRODUCT(MAX((WhoKW<>"")*ISNUMBER(SEARCH(WhoKW,INDEX(FormData,$H43,f_Who)&""))*(ROW(WhoKW)-MIN(ROW(WhoKW))+1))))),"")) | G43: =IF($H43="","",IF(COUNTIF(People!$U$5:$U$604,$B43)+COUNTIF(People!$U$5:$U$604,$B43&"")>0,"✓ logged","→ add")) | H43: =IFERROR(IF(INDEX(FormData,40,f_Id)&""="","",40),"") | I43: =IF($H43="","",IFERROR(INDEX(FormData,$H43,f_Need)&"",""))
A44: 40 | B44: =IF($H44="","",INDEX(FormData,$H44,f_Id)) | C44: =IF($H44="","",IFERROR(INDEX(FormData,$H44,f_Time),"")) | D44: =IF($H44="","",IFERROR(UPPER(LEFT(TRIM(INDEX(FormData,$H44,f_Name)),1)&IFERROR(MID(TRIM(INDEX(FormData,$H44,f_Name)),FIND("^",SUBSTITUTE(TRIM(INDEX(FormData,$H44,f_Name))," ","^",LEN(TRIM(INDEX(FormData,$H44,f_Name)))-LEN(SUBSTITUTE(TRIM(INDEX(FormData,$H44,f_Name))," ",""))))+1,1),"")),"")) | E44: =IF($H44="","",IFERROR(INDEX(EvID,MATCH(INDEX(FormData,$H44,f_Event),EvID,0)),IFERROR(INDEX(EvID,MATCH(INDEX(FormData,$H44,f_Event),EvName,0)),IFERROR(INDEX(EvID,MATCH(INT($C44),EvDate,0)),"(no event that day)")))) | F44: =IF($H44="","",IFERROR(IF(SUMPRODUCT(MAX((WhoKW<>"")*ISNUMBER(SEARCH(WhoKW,INDEX(FormData,$H44,f_Who)&""))*(ROW(WhoKW)-MIN(ROW(WhoKW))+1)))=0,"",INDEX(WhoVal,SUMPRODUCT(MAX((WhoKW<>"")*ISNUMBER(SEARCH(WhoKW,INDEX(FormData,$H44,f_Who)&""))*(ROW(WhoKW)-MIN(ROW(WhoKW))+1))))),"")) | G44: =IF($H44="","",IF(COUNTIF(People!$U$5:$U$604,$B44)+COUNTIF(People!$U$5:$U$604,$B44&"")>0,"✓ logged","→ add")) | H44: =IFERROR(IF(INDEX(FormData,41,f_Id)&""="","",41),"") | I44: =IF($H44="","",IFERROR(INDEX(FormData,$H44,f_Need)&"",""))
A45: 41 | B45: =IF($H45="","",INDEX(FormData,$H45,f_Id)) | C45: =IF($H45="","",IFERROR(INDEX(FormData,$H45,f_Time),"")) | D45: =IF($H45="","",IFERROR(UPPER(LEFT(TRIM(INDEX(FormData,$H45,f_Name)),1)&IFERROR(MID(TRIM(INDEX(FormData,$H45,f_Name)),FIND("^",SUBSTITUTE(TRIM(INDEX(FormData,$H45,f_Name))," ","^",LEN(TRIM(INDEX(FormData,$H45,f_Name)))-LEN(SUBSTITUTE(TRIM(INDEX(FormData,$H45,f_Name))," ",""))))+1,1),"")),"")) | E45: =IF($H45="","",IFERROR(INDEX(EvID,MATCH(INDEX(FormData,$H45,f_Event),EvID,0)),IFERROR(INDEX(EvID,MATCH(INDEX(FormData,$H45,f_Event),EvName,0)),IFERROR(INDEX(EvID,MATCH(INT($C45),EvDate,0)),"(no event that day)")))) | F45: =IF($H45="","",IFERROR(IF(SUMPRODUCT(MAX((WhoKW<>"")*ISNUMBER(SEARCH(WhoKW,INDEX(FormData,$H45,f_Who)&""))*(ROW(WhoKW)-MIN(ROW(WhoKW))+1)))=0,"",INDEX(WhoVal,SUMPRODUCT(MAX((WhoKW<>"")*ISNUMBER(SEARCH(WhoKW,INDEX(FormData,$H45,f_Who)&""))*(ROW(WhoKW)-MIN(ROW(WhoKW))+1))))),"")) | G45: =IF($H45="","",IF(COUNTIF(People!$U$5:$U$604,$B45)+COUNTIF(People!$U$5:$U$604,$B45&"")>0,"✓ logged","→ add")) | H45: =IFERROR(IF(INDEX(FormData,42,f_Id)&""="","",42),"") | I45: =IF($H45="","",IFERROR(INDEX(FormData,$H45,f_Need)&"",""))
A46: 42 | B46: =IF($H46="","",INDEX(FormData,$H46,f_Id)) | C46: =IF($H46="","",IFERROR(INDEX(FormData,$H46,f_Time),"")) | D46: =IF($H46="","",IFERROR(UPPER(LEFT(TRIM(INDEX(FormData,$H46,f_Name)),1)&IFERROR(MID(TRIM(INDEX(FormData,$H46,f_Name)),FIND("^",SUBSTITUTE(TRIM(INDEX(FormData,$H46,f_Name))," ","^",LEN(TRIM(INDEX(FormData,$H46,f_Name)))-LEN(SUBSTITUTE(TRIM(INDEX(FormData,$H46,f_Name))," ",""))))+1,1),"")),"")) | E46: =IF($H46="","",IFERROR(INDEX(EvID,MATCH(INDEX(FormData,$H46,f_Event),EvID,0)),IFERROR(INDEX(EvID,MATCH(INDEX(FormData,$H46,f_Event),EvName,0)),IFERROR(INDEX(EvID,MATCH(INT($C46),EvDate,0)),"(no event that day)")))) | F46: =IF($H46="","",IFERROR(IF(SUMPRODUCT(MAX((WhoKW<>"")*ISNUMBER(SEARCH(WhoKW,INDEX(FormData,$H46,f_Who)&""))*(ROW(WhoKW)-MIN(ROW(WhoKW))+1)))=0,"",INDEX(WhoVal,SUMPRODUCT(MAX((WhoKW<>"")*ISNUMBER(SEARCH(WhoKW,INDEX(FormData,$H46,f_Who)&""))*(ROW(WhoKW)-MIN(ROW(WhoKW))+1))))),"")) | G46: =IF($H46="","",IF(COUNTIF(People!$U$5:$U$604,$B46)+COUNTIF(People!$U$5:$U$604,$B46&"")>0,"✓ logged","→ add")) | H46: =IFERROR(IF(INDEX(FormData,43,f_Id)&""="","",43),"") | I46: =IF($H46="","",IFERROR(INDEX(FormData,$H46,f_Need)&"",""))
A47: 43 | B47: =IF($H47="","",INDEX(FormData,$H47,f_Id)) | C47: =IF($H47="","",IFERROR(INDEX(FormData,$H47,f_Time),"")) | D47: =IF($H47="","",IFERROR(UPPER(LEFT(TRIM(INDEX(FormData,$H47,f_Name)),1)&IFERROR(MID(TRIM(INDEX(FormData,$H47,f_Name)),FIND("^",SUBSTITUTE(TRIM(INDEX(FormData,$H47,f_Name))," ","^",LEN(TRIM(INDEX(FormData,$H47,f_Name)))-LEN(SUBSTITUTE(TRIM(INDEX(FormData,$H47,f_Name))," ",""))))+1,1),"")),"")) | E47: =IF($H47="","",IFERROR(INDEX(EvID,MATCH(INDEX(FormData,$H47,f_Event),EvID,0)),IFERROR(INDEX(EvID,MATCH(INDEX(FormData,$H47,f_Event),EvName,0)),IFERROR(INDEX(EvID,MATCH(INT($C47),EvDate,0)),"(no event that day)")))) | F47: =IF($H47="","",IFERROR(IF(SUMPRODUCT(MAX((WhoKW<>"")*ISNUMBER(SEARCH(WhoKW,INDEX(FormData,$H47,f_Who)&""))*(ROW(WhoKW)-MIN(ROW(WhoKW))+1)))=0,"",INDEX(WhoVal,SUMPRODUCT(MAX((WhoKW<>"")*ISNUMBER(SEARCH(WhoKW,INDEX(FormData,$H47,f_Who)&""))*(ROW(WhoKW)-MIN(ROW(WhoKW))+1))))),"")) | G47: =IF($H47="","",IF(COUNTIF(People!$U$5:$U$604,$B47)+COUNTIF(People!$U$5:$U$604,$B47&"")>0,"✓ logged","→ add")) | H47: =IFERROR(IF(INDEX(FormData,44,f_Id)&""="","",44),"") | I47: =IF($H47="","",IFERROR(INDEX(FormData,$H47,f_Need)&"",""))
A48: 44 | B48: =IF($H48="","",INDEX(FormData,$H48,f_Id)) | C48: =IF($H48="","",IFERROR(INDEX(FormData,$H48,f_Time),"")) | D48: =IF($H48="","",IFERROR(UPPER(LEFT(TRIM(INDEX(FormData,$H48,f_Name)),1)&IFERROR(MID(TRIM(INDEX(FormData,$H48,f_Name)),FIND("^",SUBSTITUTE(TRIM(INDEX(FormData,$H48,f_Name))," ","^",LEN(TRIM(INDEX(FormData,$H48,f_Name)))-LEN(SUBSTITUTE(TRIM(INDEX(FormData,$H48,f_Name))," ",""))))+1,1),"")),"")) | E48: =IF($H48="","",IFERROR(INDEX(EvID,MATCH(INDEX(FormData,$H48,f_Event),EvID,0)),IFERROR(INDEX(EvID,MATCH(INDEX(FormData,$H48,f_Event),EvName,0)),IFERROR(INDEX(EvID,MATCH(INT($C48),EvDate,0)),"(no event that day)")))) | F48: =IF($H48="","",IFERROR(IF(SUMPRODUCT(MAX((WhoKW<>"")*ISNUMBER(SEARCH(WhoKW,INDEX(FormData,$H48,f_Who)&""))*(ROW(WhoKW)-MIN(ROW(WhoKW))+1)))=0,"",INDEX(WhoVal,SUMPRODUCT(MAX((WhoKW<>"")*ISNUMBER(SEARCH(WhoKW,INDEX(FormData,$H48,f_Who)&""))*(ROW(WhoKW)-MIN(ROW(WhoKW))+1))))),"")) | G48: =IF($H48="","",IF(COUNTIF(People!$U$5:$U$604,$B48)+COUNTIF(People!$U$5:$U$604,$B48&"")>0,"✓ logged","→ add")) | H48: =IFERROR(IF(INDEX(FormData,45,f_Id)&""="","",45),"") | I48: =IF($H48="","",IFERROR(INDEX(FormData,$H48,f_Need)&"",""))
A49: 45 | B49: =IF($H49="","",INDEX(FormData,$H49,f_Id)) | C49: =IF($H49="","",IFERROR(INDEX(FormData,$H49,f_Time),"")) | D49: =IF($H49="","",IFERROR(UPPER(LEFT(TRIM(INDEX(FormData,$H49,f_Name)),1)&IFERROR(MID(TRIM(INDEX(FormData,$H49,f_Name)),FIND("^",SUBSTITUTE(TRIM(INDEX(FormData,$H49,f_Name))," ","^",LEN(TRIM(INDEX(FormData,$H49,f_Name)))-LEN(SUBSTITUTE(TRIM(INDEX(FormData,$H49,f_Name))," ",""))))+1,1),"")),"")) | E49: =IF($H49="","",IFERROR(INDEX(EvID,MATCH(INDEX(FormData,$H49,f_Event),EvID,0)),IFERROR(INDEX(EvID,MATCH(INDEX(FormData,$H49,f_Event),EvName,0)),IFERROR(INDEX(EvID,MATCH(INT($C49),EvDate,0)),"(no event that day)")))) | F49: =IF($H49="","",IFERROR(IF(SUMPRODUCT(MAX((WhoKW<>"")*ISNUMBER(SEARCH(WhoKW,INDEX(FormData,$H49,f_Who)&""))*(ROW(WhoKW)-MIN(ROW(WhoKW))+1)))=0,"",INDEX(WhoVal,SUMPRODUCT(MAX((WhoKW<>"")*ISNUMBER(SEARCH(WhoKW,INDEX(FormData,$H49,f_Who)&""))*(ROW(WhoKW)-MIN(ROW(WhoKW))+1))))),"")) | G49: =IF($H49="","",IF(COUNTIF(People!$U$5:$U$604,$B49)+COUNTIF(People!$U$5:$U$604,$B49&"")>0,"✓ logged","→ add")) | H49: =IFERROR(IF(INDEX(FormData,46,f_Id)&""="","",46),"") | I49: =IF($H49="","",IFERROR(INDEX(FormData,$H49,f_Need)&"",""))
A50: 46 | B50: =IF($H50="","",INDEX(FormData,$H50,f_Id)) | C50: =IF($H50="","",IFERROR(INDEX(FormData,$H50,f_Time),"")) | D50: =IF($H50="","",IFERROR(UPPER(LEFT(TRIM(INDEX(FormData,$H50,f_Name)),1)&IFERROR(MID(TRIM(INDEX(FormData,$H50,f_Name)),FIND("^",SUBSTITUTE(TRIM(INDEX(FormData,$H50,f_Name))," ","^",LEN(TRIM(INDEX(FormData,$H50,f_Name)))-LEN(SUBSTITUTE(TRIM(INDEX(FormData,$H50,f_Name))," ",""))))+1,1),"")),"")) | E50: =IF($H50="","",IFERROR(INDEX(EvID,MATCH(INDEX(FormData,$H50,f_Event),EvID,0)),IFERROR(INDEX(EvID,MATCH(INDEX(FormData,$H50,f_Event),EvName,0)),IFERROR(INDEX(EvID,MATCH(INT($C50),EvDate,0)),"(no event that day)")))) | F50: =IF($H50="","",IFERROR(IF(SUMPRODUCT(MAX((WhoKW<>"")*ISNUMBER(SEARCH(WhoKW,INDEX(FormData,$H50,f_Who)&""))*(ROW(WhoKW)-MIN(ROW(WhoKW))+1)))=0,"",INDEX(WhoVal,SUMPRODUCT(MAX((WhoKW<>"")*ISNUMBER(SEARCH(WhoKW,INDEX(FormData,$H50,f_Who)&""))*(ROW(WhoKW)-MIN(ROW(WhoKW))+1))))),"")) | G50: =IF($H50="","",IF(COUNTIF(People!$U$5:$U$604,$B50)+COUNTIF(People!$U$5:$U$604,$B50&"")>0,"✓ logged","→ add")) | H50: =IFERROR(IF(INDEX(FormData,47,f_Id)&""="","",47),"") | I50: =IF($H50="","",IFERROR(INDEX(FormData,$H50,f_Need)&"",""))
A51: 47 | B51: =IF($H51="","",INDEX(FormData,$H51,f_Id)) | C51: =IF($H51="","",IFERROR(INDEX(FormData,$H51,f_Time),"")) | D51: =IF($H51="","",IFERROR(UPPER(LEFT(TRIM(INDEX(FormData,$H51,f_Name)),1)&IFERROR(MID(TRIM(INDEX(FormData,$H51,f_Name)),FIND("^",SUBSTITUTE(TRIM(INDEX(FormData,$H51,f_Name))," ","^",LEN(TRIM(INDEX(FormData,$H51,f_Name)))-LEN(SUBSTITUTE(TRIM(INDEX(FormData,$H51,f_Name))," ",""))))+1,1),"")),"")) | E51: =IF($H51="","",IFERROR(INDEX(EvID,MATCH(INDEX(FormData,$H51,f_Event),EvID,0)),IFERROR(INDEX(EvID,MATCH(INDEX(FormData,$H51,f_Event),EvName,0)),IFERROR(INDEX(EvID,MATCH(INT($C51),EvDate,0)),"(no event that day)")))) | F51: =IF($H51="","",IFERROR(IF(SUMPRODUCT(MAX((WhoKW<>"")*ISNUMBER(SEARCH(WhoKW,INDEX(FormData,$H51,f_Who)&""))*(ROW(WhoKW)-MIN(ROW(WhoKW))+1)))=0,"",INDEX(WhoVal,SUMPRODUCT(MAX((WhoKW<>"")*ISNUMBER(SEARCH(WhoKW,INDEX(FormData,$H51,f_Who)&""))*(ROW(WhoKW)-MIN(ROW(WhoKW))+1))))),"")) | G51: =IF($H51="","",IF(COUNTIF(People!$U$5:$U$604,$B51)+COUNTIF(People!$U$5:$U$604,$B51&"")>0,"✓ logged","→ add")) | H51: =IFERROR(IF(INDEX(FormData,48,f_Id)&""="","",48),"") | I51: =IF($H51="","",IFERROR(INDEX(FormData,$H51,f_Need)&"",""))
A52: 48 | B52: =IF($H52="","",INDEX(FormData,$H52,f_Id)) | C52: =IF($H52="","",IFERROR(INDEX(FormData,$H52,f_Time),"")) | D52: =IF($H52="","",IFERROR(UPPER(LEFT(TRIM(INDEX(FormData,$H52,f_Name)),1)&IFERROR(MID(TRIM(INDEX(FormData,$H52,f_Name)),FIND("^",SUBSTITUTE(TRIM(INDEX(FormData,$H52,f_Name))," ","^",LEN(TRIM(INDEX(FormData,$H52,f_Name)))-LEN(SUBSTITUTE(TRIM(INDEX(FormData,$H52,f_Name))," ",""))))+1,1),"")),"")) | E52: =IF($H52="","",IFERROR(INDEX(EvID,MATCH(INDEX(FormData,$H52,f_Event),EvID,0)),IFERROR(INDEX(EvID,MATCH(INDEX(FormData,$H52,f_Event),EvName,0)),IFERROR(INDEX(EvID,MATCH(INT($C52),EvDate,0)),"(no event that day)")))) | F52: =IF($H52="","",IFERROR(IF(SUMPRODUCT(MAX((WhoKW<>"")*ISNUMBER(SEARCH(WhoKW,INDEX(FormData,$H52,f_Who)&""))*(ROW(WhoKW)-MIN(ROW(WhoKW))+1)))=0,"",INDEX(WhoVal,SUMPRODUCT(MAX((WhoKW<>"")*ISNUMBER(SEARCH(WhoKW,INDEX(FormData,$H52,f_Who)&""))*(ROW(WhoKW)-MIN(ROW(WhoKW))+1))))),"")) | G52: =IF($H52="","",IF(COUNTIF(People!$U$5:$U$604,$B52)+COUNTIF(People!$U$5:$U$604,$B52&"")>0,"✓ logged","→ add")) | H52: =IFERROR(IF(INDEX(FormData,49,f_Id)&""="","",49),"") | I52: =IF($H52="","",IFERROR(INDEX(FormData,$H52,f_Need)&"",""))
A53: 49 | B53: =IF($H53="","",INDEX(FormData,$H53,f_Id)) | C53: =IF($H53="","",IFERROR(INDEX(FormData,$H53,f_Time),"")) | D53: =IF($H53="","",IFERROR(UPPER(LEFT(TRIM(INDEX(FormData,$H53,f_Name)),1)&IFERROR(MID(TRIM(INDEX(FormData,$H53,f_Name)),FIND("^",SUBSTITUTE(TRIM(INDEX(FormData,$H53,f_Name))," ","^",LEN(TRIM(INDEX(FormData,$H53,f_Name)))-LEN(SUBSTITUTE(TRIM(INDEX(FormData,$H53,f_Name))," ",""))))+1,1),"")),"")) | E53: =IF($H53="","",IFERROR(INDEX(EvID,MATCH(INDEX(FormData,$H53,f_Event),EvID,0)),IFERROR(INDEX(EvID,MATCH(INDEX(FormData,$H53,f_Event),EvName,0)),IFERROR(INDEX(EvID,MATCH(INT($C53),EvDate,0)),"(no event that day)")))) | F53: =IF($H53="","",IFERROR(IF(SUMPRODUCT(MAX((WhoKW<>"")*ISNUMBER(SEARCH(WhoKW,INDEX(FormData,$H53,f_Who)&""))*(ROW(WhoKW)-MIN(ROW(WhoKW))+1)))=0,"",INDEX(WhoVal,SUMPRODUCT(MAX((WhoKW<>"")*ISNUMBER(SEARCH(WhoKW,INDEX(FormData,$H53,f_Who)&""))*(ROW(WhoKW)-MIN(ROW(WhoKW))+1))))),"")) | G53: =IF($H53="","",IF(COUNTIF(People!$U$5:$U$604,$B53)+COUNTIF(People!$U$5:$U$604,$B53&"")>0,"✓ logged","→ add")) | H53: =IFERROR(IF(INDEX(FormData,50,f_Id)&""="","",50),"") | I53: =IF($H53="","",IFERROR(INDEX(FormData,$H53,f_Need)&"",""))
A54: 50 | B54: =IF($H54="","",INDEX(FormData,$H54,f_Id)) | C54: =IF($H54="","",IFERROR(INDEX(FormData,$H54,f_Time),"")) | D54: =IF($H54="","",IFERROR(UPPER(LEFT(TRIM(INDEX(FormData,$H54,f_Name)),1)&IFERROR(MID(TRIM(INDEX(FormData,$H54,f_Name)),FIND("^",SUBSTITUTE(TRIM(INDEX(FormData,$H54,f_Name))," ","^",LEN(TRIM(INDEX(FormData,$H54,f_Name)))-LEN(SUBSTITUTE(TRIM(INDEX(FormData,$H54,f_Name))," ",""))))+1,1),"")),"")) | E54: =IF($H54="","",IFERROR(INDEX(EvID,MATCH(INDEX(FormData,$H54,f_Event),EvID,0)),IFERROR(INDEX(EvID,MATCH(INDEX(FormData,$H54,f_Event),EvName,0)),IFERROR(INDEX(EvID,MATCH(INT($C54),EvDate,0)),"(no event that day)")))) | F54: =IF($H54="","",IFERROR(IF(SUMPRODUCT(MAX((WhoKW<>"")*ISNUMBER(SEARCH(WhoKW,INDEX(FormData,$H54,f_Who)&""))*(ROW(WhoKW)-MIN(ROW(WhoKW))+1)))=0,"",INDEX(WhoVal,SUMPRODUCT(MAX((WhoKW<>"")*ISNUMBER(SEARCH(WhoKW,INDEX(FormData,$H54,f_Who)&""))*(ROW(WhoKW)-MIN(ROW(WhoKW))+1))))),"")) | G54: =IF($H54="","",IF(COUNTIF(People!$U$5:$U$604,$B54)+COUNTIF(People!$U$5:$U$604,$B54&"")>0,"✓ logged","→ add")) | H54: =IFERROR(IF(INDEX(FormData,51,f_Id)&""="","",51),"") | I54: =IF($H54="","",IFERROR(INDEX(FormData,$H54,f_Need)&"",""))
A55: 51 | B55: =IF($H55="","",INDEX(FormData,$H55,f_Id)) | C55: =IF($H55="","",IFERROR(INDEX(FormData,$H55,f_Time),"")) | D55: =IF($H55="","",IFERROR(UPPER(LEFT(TRIM(INDEX(FormData,$H55,f_Name)),1)&IFERROR(MID(TRIM(INDEX(FormData,$H55,f_Name)),FIND("^",SUBSTITUTE(TRIM(INDEX(FormData,$H55,f_Name))," ","^",LEN(TRIM(INDEX(FormData,$H55,f_Name)))-LEN(SUBSTITUTE(TRIM(INDEX(FormData,$H55,f_Name))," ",""))))+1,1),"")),"")) | E55: =IF($H55="","",IFERROR(INDEX(EvID,MATCH(INDEX(FormData,$H55,f_Event),EvID,0)),IFERROR(INDEX(EvID,MATCH(INDEX(FormData,$H55,f_Event),EvName,0)),IFERROR(INDEX(EvID,MATCH(INT($C55),EvDate,0)),"(no event that day)")))) | F55: =IF($H55="","",IFERROR(IF(SUMPRODUCT(MAX((WhoKW<>"")*ISNUMBER(SEARCH(WhoKW,INDEX(FormData,$H55,f_Who)&""))*(ROW(WhoKW)-MIN(ROW(WhoKW))+1)))=0,"",INDEX(WhoVal,SUMPRODUCT(MAX((WhoKW<>"")*ISNUMBER(SEARCH(WhoKW,INDEX(FormData,$H55,f_Who)&""))*(ROW(WhoKW)-MIN(ROW(WhoKW))+1))))),"")) | G55: =IF($H55="","",IF(COUNTIF(People!$U$5:$U$604,$B55)+COUNTIF(People!$U$5:$U$604,$B55&"")>0,"✓ logged","→ add")) | H55: =IFERROR(IF(INDEX(FormData,52,f_Id)&""="","",52),"") | I55: =IF($H55="","",IFERROR(INDEX(FormData,$H55,f_Need)&"",""))
A56: 52 | B56: =IF($H56="","",INDEX(FormData,$H56,f_Id)) | C56: =IF($H56="","",IFERROR(INDEX(FormData,$H56,f_Time),"")) | D56: =IF($H56="","",IFERROR(UPPER(LEFT(TRIM(INDEX(FormData,$H56,f_Name)),1)&IFERROR(MID(TRIM(INDEX(FormData,$H56,f_Name)),FIND("^",SUBSTITUTE(TRIM(INDEX(FormData,$H56,f_Name))," ","^",LEN(TRIM(INDEX(FormData,$H56,f_Name)))-LEN(SUBSTITUTE(TRIM(INDEX(FormData,$H56,f_Name))," ",""))))+1,1),"")),"")) | E56: =IF($H56="","",IFERROR(INDEX(EvID,MATCH(INDEX(FormData,$H56,f_Event),EvID,0)),IFERROR(INDEX(EvID,MATCH(INDEX(FormData,$H56,f_Event),EvName,0)),IFERROR(INDEX(EvID,MATCH(INT($C56),EvDate,0)),"(no event that day)")))) | F56: =IF($H56="","",IFERROR(IF(SUMPRODUCT(MAX((WhoKW<>"")*ISNUMBER(SEARCH(WhoKW,INDEX(FormData,$H56,f_Who)&""))*(ROW(WhoKW)-MIN(ROW(WhoKW))+1)))=0,"",INDEX(WhoVal,SUMPRODUCT(MAX((WhoKW<>"")*ISNUMBER(SEARCH(WhoKW,INDEX(FormData,$H56,f_Who)&""))*(ROW(WhoKW)-MIN(ROW(WhoKW))+1))))),"")) | G56: =IF($H56="","",IF(COUNTIF(People!$U$5:$U$604,$B56)+COUNTIF(People!$U$5:$U$604,$B56&"")>0,"✓ logged","→ add")) | H56: =IFERROR(IF(INDEX(FormData,53,f_Id)&""="","",53),"") | I56: =IF($H56="","",IFERROR(INDEX(FormData,$H56,f_Need)&"",""))
A57: 53 | B57: =IF($H57="","",INDEX(FormData,$H57,f_Id)) | C57: =IF($H57="","",IFERROR(INDEX(FormData,$H57,f_Time),"")) | D57: =IF($H57="","",IFERROR(UPPER(LEFT(TRIM(INDEX(FormData,$H57,f_Name)),1)&IFERROR(MID(TRIM(INDEX(FormData,$H57,f_Name)),FIND("^",SUBSTITUTE(TRIM(INDEX(FormData,$H57,f_Name))," ","^",LEN(TRIM(INDEX(FormData,$H57,f_Name)))-LEN(SUBSTITUTE(TRIM(INDEX(FormData,$H57,f_Name))," ",""))))+1,1),"")),"")) | E57: =IF($H57="","",IFERROR(INDEX(EvID,MATCH(INDEX(FormData,$H57,f_Event),EvID,0)),IFERROR(INDEX(EvID,MATCH(INDEX(FormData,$H57,f_Event),EvName,0)),IFERROR(INDEX(EvID,MATCH(INT($C57),EvDate,0)),"(no event that day)")))) | F57: =IF($H57="","",IFERROR(IF(SUMPRODUCT(MAX((WhoKW<>"")*ISNUMBER(SEARCH(WhoKW,INDEX(FormData,$H57,f_Who)&""))*(ROW(WhoKW)-MIN(ROW(WhoKW))+1)))=0,"",INDEX(WhoVal,SUMPRODUCT(MAX((WhoKW<>"")*ISNUMBER(SEARCH(WhoKW,INDEX(FormData,$H57,f_Who)&""))*(ROW(WhoKW)-MIN(ROW(WhoKW))+1))))),"")) | G57: =IF($H57="","",IF(COUNTIF(People!$U$5:$U$604,$B57)+COUNTIF(People!$U$5:$U$604,$B57&"")>0,"✓ logged","→ add")) | H57: =IFERROR(IF(INDEX(FormData,54,f_Id)&""="","",54),"") | I57: =IF($H57="","",IFERROR(INDEX(FormData,$H57,f_Need)&"",""))
A58: 54 | B58: =IF($H58="","",INDEX(FormData,$H58,f_Id)) | C58: =IF($H58="","",IFERROR(INDEX(FormData,$H58,f_Time),"")) | D58: =IF($H58="","",IFERROR(UPPER(LEFT(TRIM(INDEX(FormData,$H58,f_Name)),1)&IFERROR(MID(TRIM(INDEX(FormData,$H58,f_Name)),FIND("^",SUBSTITUTE(TRIM(INDEX(FormData,$H58,f_Name))," ","^",LEN(TRIM(INDEX(FormData,$H58,f_Name)))-LEN(SUBSTITUTE(TRIM(INDEX(FormData,$H58,f_Name))," ",""))))+1,1),"")),"")) | E58: =IF($H58="","",IFERROR(INDEX(EvID,MATCH(INDEX(FormData,$H58,f_Event),EvID,0)),IFERROR(INDEX(EvID,MATCH(INDEX(FormData,$H58,f_Event),EvName,0)),IFERROR(INDEX(EvID,MATCH(INT($C58),EvDate,0)),"(no event that day)")))) | F58: =IF($H58="","",IFERROR(IF(SUMPRODUCT(MAX((WhoKW<>"")*ISNUMBER(SEARCH(WhoKW,INDEX(FormData,$H58,f_Who)&""))*(ROW(WhoKW)-MIN(ROW(WhoKW))+1)))=0,"",INDEX(WhoVal,SUMPRODUCT(MAX((WhoKW<>"")*ISNUMBER(SEARCH(WhoKW,INDEX(FormData,$H58,f_Who)&""))*(ROW(WhoKW)-MIN(ROW(WhoKW))+1))))),"")) | G58: =IF($H58="","",IF(COUNTIF(People!$U$5:$U$604,$B58)+COUNTIF(People!$U$5:$U$604,$B58&"")>0,"✓ logged","→ add")) | H58: =IFERROR(IF(INDEX(FormData,55,f_Id)&""="","",55),"") | I58: =IF($H58="","",IFERROR(INDEX(FormData,$H58,f_Need)&"",""))
A59: 55 | B59: =IF($H59="","",INDEX(FormData,$H59,f_Id)) | C59: =IF($H59="","",IFERROR(INDEX(FormData,$H59,f_Time),"")) | D59: =IF($H59="","",IFERROR(UPPER(LEFT(TRIM(INDEX(FormData,$H59,f_Name)),1)&IFERROR(MID(TRIM(INDEX(FormData,$H59,f_Name)),FIND("^",SUBSTITUTE(TRIM(INDEX(FormData,$H59,f_Name))," ","^",LEN(TRIM(INDEX(FormData,$H59,f_Name)))-LEN(SUBSTITUTE(TRIM(INDEX(FormData,$H59,f_Name))," ",""))))+1,1),"")),"")) | E59: =IF($H59="","",IFERROR(INDEX(EvID,MATCH(INDEX(FormData,$H59,f_Event),EvID,0)),IFERROR(INDEX(EvID,MATCH(INDEX(FormData,$H59,f_Event),EvName,0)),IFERROR(INDEX(EvID,MATCH(INT($C59),EvDate,0)),"(no event that day)")))) | F59: =IF($H59="","",IFERROR(IF(SUMPRODUCT(MAX((WhoKW<>"")*ISNUMBER(SEARCH(WhoKW,INDEX(FormData,$H59,f_Who)&""))*(ROW(WhoKW)-MIN(ROW(WhoKW))+1)))=0,"",INDEX(WhoVal,SUMPRODUCT(MAX((WhoKW<>"")*ISNUMBER(SEARCH(WhoKW,INDEX(FormData,$H59,f_Who)&""))*(ROW(WhoKW)-MIN(ROW(WhoKW))+1))))),"")) | G59: =IF($H59="","",IF(COUNTIF(People!$U$5:$U$604,$B59)+COUNTIF(People!$U$5:$U$604,$B59&"")>0,"✓ logged","→ add")) | H59: =IFERROR(IF(INDEX(FormData,56,f_Id)&""="","",56),"") | I59: =IF($H59="","",IFERROR(INDEX(FormData,$H59,f_Need)&"",""))
A60: 56 | B60: =IF($H60="","",INDEX(FormData,$H60,f_Id)) | C60: =IF($H60="","",IFERROR(INDEX(FormData,$H60,f_Time),"")) | D60: =IF($H60="","",IFERROR(UPPER(LEFT(TRIM(INDEX(FormData,$H60,f_Name)),1)&IFERROR(MID(TRIM(INDEX(FormData,$H60,f_Name)),FIND("^",SUBSTITUTE(TRIM(INDEX(FormData,$H60,f_Name))," ","^",LEN(TRIM(INDEX(FormData,$H60,f_Name)))-LEN(SUBSTITUTE(TRIM(INDEX(FormData,$H60,f_Name))," ",""))))+1,1),"")),"")) | E60: =IF($H60="","",IFERROR(INDEX(EvID,MATCH(INDEX(FormData,$H60,f_Event),EvID,0)),IFERROR(INDEX(EvID,MATCH(INDEX(FormData,$H60,f_Event),EvName,0)),IFERROR(INDEX(EvID,MATCH(INT($C60),EvDate,0)),"(no event that day)")))) | F60: =IF($H60="","",IFERROR(IF(SUMPRODUCT(MAX((WhoKW<>"")*ISNUMBER(SEARCH(WhoKW,INDEX(FormData,$H60,f_Who)&""))*(ROW(WhoKW)-MIN(ROW(WhoKW))+1)))=0,"",INDEX(WhoVal,SUMPRODUCT(MAX((WhoKW<>"")*ISNUMBER(SEARCH(WhoKW,INDEX(FormData,$H60,f_Who)&""))*(ROW(WhoKW)-MIN(ROW(WhoKW))+1))))),"")) | G60: =IF($H60="","",IF(COUNTIF(People!$U$5:$U$604,$B60)+COUNTIF(People!$U$5:$U$604,$B60&"")>0,"✓ logged","→ add")) | H60: =IFERROR(IF(INDEX(FormData,57,f_Id)&""="","",57),"") | I60: =IF($H60="","",IFERROR(INDEX(FormData,$H60,f_Need)&"",""))
A61: 57 | B61: =IF($H61="","",INDEX(FormData,$H61,f_Id)) | C61: =IF($H61="","",IFERROR(INDEX(FormData,$H61,f_Time),"")) | D61: =IF($H61="","",IFERROR(UPPER(LEFT(TRIM(INDEX(FormData,$H61,f_Name)),1)&IFERROR(MID(TRIM(INDEX(FormData,$H61,f_Name)),FIND("^",SUBSTITUTE(TRIM(INDEX(FormData,$H61,f_Name))," ","^",LEN(TRIM(INDEX(FormData,$H61,f_Name)))-LEN(SUBSTITUTE(TRIM(INDEX(FormData,$H61,f_Name))," ",""))))+1,1),"")),"")) | E61: =IF($H61="","",IFERROR(INDEX(EvID,MATCH(INDEX(FormData,$H61,f_Event),EvID,0)),IFERROR(INDEX(EvID,MATCH(INDEX(FormData,$H61,f_Event),EvName,0)),IFERROR(INDEX(EvID,MATCH(INT($C61),EvDate,0)),"(no event that day)")))) | F61: =IF($H61="","",IFERROR(IF(SUMPRODUCT(MAX((WhoKW<>"")*ISNUMBER(SEARCH(WhoKW,INDEX(FormData,$H61,f_Who)&""))*(ROW(WhoKW)-MIN(ROW(WhoKW))+1)))=0,"",INDEX(WhoVal,SUMPRODUCT(MAX((WhoKW<>"")*ISNUMBER(SEARCH(WhoKW,INDEX(FormData,$H61,f_Who)&""))*(ROW(WhoKW)-MIN(ROW(WhoKW))+1))))),"")) | G61: =IF($H61="","",IF(COUNTIF(People!$U$5:$U$604,$B61)+COUNTIF(People!$U$5:$U$604,$B61&"")>0,"✓ logged","→ add")) | H61: =IFERROR(IF(INDEX(FormData,58,f_Id)&""="","",58),"") | I61: =IF($H61="","",IFERROR(INDEX(FormData,$H61,f_Need)&"",""))
A62: 58 | B62: =IF($H62="","",INDEX(FormData,$H62,f_Id)) | C62: =IF($H62="","",IFERROR(INDEX(FormData,$H62,f_Time),"")) | D62: =IF($H62="","",IFERROR(UPPER(LEFT(TRIM(INDEX(FormData,$H62,f_Name)),1)&IFERROR(MID(TRIM(INDEX(FormData,$H62,f_Name)),FIND("^",SUBSTITUTE(TRIM(INDEX(FormData,$H62,f_Name))," ","^",LEN(TRIM(INDEX(FormData,$H62,f_Name)))-LEN(SUBSTITUTE(TRIM(INDEX(FormData,$H62,f_Name))," ",""))))+1,1),"")),"")) | E62: =IF($H62="","",IFERROR(INDEX(EvID,MATCH(INDEX(FormData,$H62,f_Event),EvID,0)),IFERROR(INDEX(EvID,MATCH(INDEX(FormData,$H62,f_Event),EvName,0)),IFERROR(INDEX(EvID,MATCH(INT($C62),EvDate,0)),"(no event that day)")))) | F62: =IF($H62="","",IFERROR(IF(SUMPRODUCT(MAX((WhoKW<>"")*ISNUMBER(SEARCH(WhoKW,INDEX(FormData,$H62,f_Who)&""))*(ROW(WhoKW)-MIN(ROW(WhoKW))+1)))=0,"",INDEX(WhoVal,SUMPRODUCT(MAX((WhoKW<>"")*ISNUMBER(SEARCH(WhoKW,INDEX(FormData,$H62,f_Who)&""))*(ROW(WhoKW)-MIN(ROW(WhoKW))+1))))),"")) | G62: =IF($H62="","",IF(COUNTIF(People!$U$5:$U$604,$B62)+COUNTIF(People!$U$5:$U$604,$B62&"")>0,"✓ logged","→ add")) | H62: =IFERROR(IF(INDEX(FormData,59,f_Id)&""="","",59),"") | I62: =IF($H62="","",IFERROR(INDEX(FormData,$H62,f_Need)&"",""))
A63: 59 | B63: =IF($H63="","",INDEX(FormData,$H63,f_Id)) | C63: =IF($H63="","",IFERROR(INDEX(FormData,$H63,f_Time),"")) | D63: =IF($H63="","",IFERROR(UPPER(LEFT(TRIM(INDEX(FormData,$H63,f_Name)),1)&IFERROR(MID(TRIM(INDEX(FormData,$H63,f_Name)),FIND("^",SUBSTITUTE(TRIM(INDEX(FormData,$H63,f_Name))," ","^",LEN(TRIM(INDEX(FormData,$H63,f_Name)))-LEN(SUBSTITUTE(TRIM(INDEX(FormData,$H63,f_Name))," ",""))))+1,1),"")),"")) | E63: =IF($H63="","",IFERROR(INDEX(EvID,MATCH(INDEX(FormData,$H63,f_Event),EvID,0)),IFERROR(INDEX(EvID,MATCH(INDEX(FormData,$H63,f_Event),EvName,0)),IFERROR(INDEX(EvID,MATCH(INT($C63),EvDate,0)),"(no event that day)")))) | F63: =IF($H63="","",IFERROR(IF(SUMPRODUCT(MAX((WhoKW<>"")*ISNUMBER(SEARCH(WhoKW,INDEX(FormData,$H63,f_Who)&""))*(ROW(WhoKW)-MIN(ROW(WhoKW))+1)))=0,"",INDEX(WhoVal,SUMPRODUCT(MAX((WhoKW<>"")*ISNUMBER(SEARCH(WhoKW,INDEX(FormData,$H63,f_Who)&""))*(ROW(WhoKW)-MIN(ROW(WhoKW))+1))))),"")) | G63: =IF($H63="","",IF(COUNTIF(People!$U$5:$U$604,$B63)+COUNTIF(People!$U$5:$U$604,$B63&"")>0,"✓ logged","→ add")) | H63: =IFERROR(IF(INDEX(FormData,60,f_Id)&""="","",60),"") | I63: =IF($H63="","",IFERROR(INDEX(FormData,$H63,f_Need)&"",""))
A64: 60 | B64: =IF($H64="","",INDEX(FormData,$H64,f_Id)) | C64: =IF($H64="","",IFERROR(INDEX(FormData,$H64,f_Time),"")) | D64: =IF($H64="","",IFERROR(UPPER(LEFT(TRIM(INDEX(FormData,$H64,f_Name)),1)&IFERROR(MID(TRIM(INDEX(FormData,$H64,f_Name)),FIND("^",SUBSTITUTE(TRIM(INDEX(FormData,$H64,f_Name))," ","^",LEN(TRIM(INDEX(FormData,$H64,f_Name)))-LEN(SUBSTITUTE(TRIM(INDEX(FormData,$H64,f_Name))," ",""))))+1,1),"")),"")) | E64: =IF($H64="","",IFERROR(INDEX(EvID,MATCH(INDEX(FormData,$H64,f_Event),EvID,0)),IFERROR(INDEX(EvID,MATCH(INDEX(FormData,$H64,f_Event),EvName,0)),IFERROR(INDEX(EvID,MATCH(INT($C64),EvDate,0)),"(no event that day)")))) | F64: =IF($H64="","",IFERROR(IF(SUMPRODUCT(MAX((WhoKW<>"")*ISNUMBER(SEARCH(WhoKW,INDEX(FormData,$H64,f_Who)&""))*(ROW(WhoKW)-MIN(ROW(WhoKW))+1)))=0,"",INDEX(WhoVal,SUMPRODUCT(MAX((WhoKW<>"")*ISNUMBER(SEARCH(WhoKW,INDEX(FormData,$H64,f_Who)&""))*(ROW(WhoKW)-MIN(ROW(WhoKW))+1))))),"")) | G64: =IF($H64="","",IF(COUNTIF(People!$U$5:$U$604,$B64)+COUNTIF(People!$U$5:$U$604,$B64&"")>0,"✓ logged","→ add")) | H64: =IFERROR(IF(INDEX(FormData,61,f_Id)&""="","",61),"") | I64: =IF($H64="","",IFERROR(INDEX(FormData,$H64,f_Need)&"",""))
A65: 61 | B65: =IF($H65="","",INDEX(FormData,$H65,f_Id)) | C65: =IF($H65="","",IFERROR(INDEX(FormData,$H65,f_Time),"")) | D65: =IF($H65="","",IFERROR(UPPER(LEFT(TRIM(INDEX(FormData,$H65,f_Name)),1)&IFERROR(MID(TRIM(INDEX(FormData,$H65,f_Name)),FIND("^",SUBSTITUTE(TRIM(INDEX(FormData,$H65,f_Name))," ","^",LEN(TRIM(INDEX(FormData,$H65,f_Name)))-LEN(SUBSTITUTE(TRIM(INDEX(FormData,$H65,f_Name))," ",""))))+1,1),"")),"")) | E65: =IF($H65="","",IFERROR(INDEX(EvID,MATCH(INDEX(FormData,$H65,f_Event),EvID,0)),IFERROR(INDEX(EvID,MATCH(INDEX(FormData,$H65,f_Event),EvName,0)),IFERROR(INDEX(EvID,MATCH(INT($C65),EvDate,0)),"(no event that day)")))) | F65: =IF($H65="","",IFERROR(IF(SUMPRODUCT(MAX((WhoKW<>"")*ISNUMBER(SEARCH(WhoKW,INDEX(FormData,$H65,f_Who)&""))*(ROW(WhoKW)-MIN(ROW(WhoKW))+1)))=0,"",INDEX(WhoVal,SUMPRODUCT(MAX((WhoKW<>"")*ISNUMBER(SEARCH(WhoKW,INDEX(FormData,$H65,f_Who)&""))*(ROW(WhoKW)-MIN(ROW(WhoKW))+1))))),"")) | G65: =IF($H65="","",IF(COUNTIF(People!$U$5:$U$604,$B65)+COUNTIF(People!$U$5:$U$604,$B65&"")>0,"✓ logged","→ add")) | H65: =IFERROR(IF(INDEX(FormData,62,f_Id)&""="","",62),"") | I65: =IF($H65="","",IFERROR(INDEX(FormData,$H65,f_Need)&"",""))
A66: 62 | B66: =IF($H66="","",INDEX(FormData,$H66,f_Id)) | C66: =IF($H66="","",IFERROR(INDEX(FormData,$H66,f_Time),"")) | D66: =IF($H66="","",IFERROR(UPPER(LEFT(TRIM(INDEX(FormData,$H66,f_Name)),1)&IFERROR(MID(TRIM(INDEX(FormData,$H66,f_Name)),FIND("^",SUBSTITUTE(TRIM(INDEX(FormData,$H66,f_Name))," ","^",LEN(TRIM(INDEX(FormData,$H66,f_Name)))-LEN(SUBSTITUTE(TRIM(INDEX(FormData,$H66,f_Name))," ",""))))+1,1),"")),"")) | E66: =IF($H66="","",IFERROR(INDEX(EvID,MATCH(INDEX(FormData,$H66,f_Event),EvID,0)),IFERROR(INDEX(EvID,MATCH(INDEX(FormData,$H66,f_Event),EvName,0)),IFERROR(INDEX(EvID,MATCH(INT($C66),EvDate,0)),"(no event that day)")))) | F66: =IF($H66="","",IFERROR(IF(SUMPRODUCT(MAX((WhoKW<>"")*ISNUMBER(SEARCH(WhoKW,INDEX(FormData,$H66,f_Who)&""))*(ROW(WhoKW)-MIN(ROW(WhoKW))+1)))=0,"",INDEX(WhoVal,SUMPRODUCT(MAX((WhoKW<>"")*ISNUMBER(SEARCH(WhoKW,INDEX(FormData,$H66,f_Who)&""))*(ROW(WhoKW)-MIN(ROW(WhoKW))+1))))),"")) | G66: =IF($H66="","",IF(COUNTIF(People!$U$5:$U$604,$B66)+COUNTIF(People!$U$5:$U$604,$B66&"")>0,"✓ logged","→ add")) | H66: =IFERROR(IF(INDEX(FormData,63,f_Id)&""="","",63),"") | I66: =IF($H66="","",IFERROR(INDEX(FormData,$H66,f_Need)&"",""))
A67: 63 | B67: =IF($H67="","",INDEX(FormData,$H67,f_Id)) | C67: =IF($H67="","",IFERROR(INDEX(FormData,$H67,f_Time),"")) | D67: =IF($H67="","",IFERROR(UPPER(LEFT(TRIM(INDEX(FormData,$H67,f_Name)),1)&IFERROR(MID(TRIM(INDEX(FormData,$H67,f_Name)),FIND("^",SUBSTITUTE(TRIM(INDEX(FormData,$H67,f_Name))," ","^",LEN(TRIM(INDEX(FormData,$H67,f_Name)))-LEN(SUBSTITUTE(TRIM(INDEX(FormData,$H67,f_Name))," ",""))))+1,1),"")),"")) | E67: =IF($H67="","",IFERROR(INDEX(EvID,MATCH(INDEX(FormData,$H67,f_Event),EvID,0)),IFERROR(INDEX(EvID,MATCH(INDEX(FormData,$H67,f_Event),EvName,0)),IFERROR(INDEX(EvID,MATCH(INT($C67),EvDate,0)),"(no event that day)")))) | F67: =IF($H67="","",IFERROR(IF(SUMPRODUCT(MAX((WhoKW<>"")*ISNUMBER(SEARCH(WhoKW,INDEX(FormData,$H67,f_Who)&""))*(ROW(WhoKW)-MIN(ROW(WhoKW))+1)))=0,"",INDEX(WhoVal,SUMPRODUCT(MAX((WhoKW<>"")*ISNUMBER(SEARCH(WhoKW,INDEX(FormData,$H67,f_Who)&""))*(ROW(WhoKW)-MIN(ROW(WhoKW))+1))))),"")) | G67: =IF($H67="","",IF(COUNTIF(People!$U$5:$U$604,$B67)+COUNTIF(People!$U$5:$U$604,$B67&"")>0,"✓ logged","→ add")) | H67: =IFERROR(IF(INDEX(FormData,64,f_Id)&""="","",64),"") | I67: =IF($H67="","",IFERROR(INDEX(FormData,$H67,f_Need)&"",""))
A68: 64 | B68: =IF($H68="","",INDEX(FormData,$H68,f_Id)) | C68: =IF($H68="","",IFERROR(INDEX(FormData,$H68,f_Time),"")) | D68: =IF($H68="","",IFERROR(UPPER(LEFT(TRIM(INDEX(FormData,$H68,f_Name)),1)&IFERROR(MID(TRIM(INDEX(FormData,$H68,f_Name)),FIND("^",SUBSTITUTE(TRIM(INDEX(FormData,$H68,f_Name))," ","^",LEN(TRIM(INDEX(FormData,$H68,f_Name)))-LEN(SUBSTITUTE(TRIM(INDEX(FormData,$H68,f_Name))," ",""))))+1,1),"")),"")) | E68: =IF($H68="","",IFERROR(INDEX(EvID,MATCH(INDEX(FormData,$H68,f_Event),EvID,0)),IFERROR(INDEX(EvID,MATCH(INDEX(FormData,$H68,f_Event),EvName,0)),IFERROR(INDEX(EvID,MATCH(INT($C68),EvDate,0)),"(no event that day)")))) | F68: =IF($H68="","",IFERROR(IF(SUMPRODUCT(MAX((WhoKW<>"")*ISNUMBER(SEARCH(WhoKW,INDEX(FormData,$H68,f_Who)&""))*(ROW(WhoKW)-MIN(ROW(WhoKW))+1)))=0,"",INDEX(WhoVal,SUMPRODUCT(MAX((WhoKW<>"")*ISNUMBER(SEARCH(WhoKW,INDEX(FormData,$H68,f_Who)&""))*(ROW(WhoKW)-MIN(ROW(WhoKW))+1))))),"")) | G68: =IF($H68="","",IF(COUNTIF(People!$U$5:$U$604,$B68)+COUNTIF(People!$U$5:$U$604,$B68&"")>0,"✓ logged","→ add")) | H68: =IFERROR(IF(INDEX(FormData,65,f_Id)&""="","",65),"") | I68: =IF($H68="","",IFERROR(INDEX(FormData,$H68,f_Need)&"",""))
A69: 65 | B69: =IF($H69="","",INDEX(FormData,$H69,f_Id)) | C69: =IF($H69="","",IFERROR(INDEX(FormData,$H69,f_Time),"")) | D69: =IF($H69="","",IFERROR(UPPER(LEFT(TRIM(INDEX(FormData,$H69,f_Name)),1)&IFERROR(MID(TRIM(INDEX(FormData,$H69,f_Name)),FIND("^",SUBSTITUTE(TRIM(INDEX(FormData,$H69,f_Name))," ","^",LEN(TRIM(INDEX(FormData,$H69,f_Name)))-LEN(SUBSTITUTE(TRIM(INDEX(FormData,$H69,f_Name))," ",""))))+1,1),"")),"")) | E69: =IF($H69="","",IFERROR(INDEX(EvID,MATCH(INDEX(FormData,$H69,f_Event),EvID,0)),IFERROR(INDEX(EvID,MATCH(INDEX(FormData,$H69,f_Event),EvName,0)),IFERROR(INDEX(EvID,MATCH(INT($C69),EvDate,0)),"(no event that day)")))) | F69: =IF($H69="","",IFERROR(IF(SUMPRODUCT(MAX((WhoKW<>"")*ISNUMBER(SEARCH(WhoKW,INDEX(FormData,$H69,f_Who)&""))*(ROW(WhoKW)-MIN(ROW(WhoKW))+1)))=0,"",INDEX(WhoVal,SUMPRODUCT(MAX((WhoKW<>"")*ISNUMBER(SEARCH(WhoKW,INDEX(FormData,$H69,f_Who)&""))*(ROW(WhoKW)-MIN(ROW(WhoKW))+1))))),"")) | G69: =IF($H69="","",IF(COUNTIF(People!$U$5:$U$604,$B69)+COUNTIF(People!$U$5:$U$604,$B69&"")>0,"✓ logged","→ add")) | H69: =IFERROR(IF(INDEX(FormData,66,f_Id)&""="","",66),"") | I69: =IF($H69="","",IFERROR(INDEX(FormData,$H69,f_Need)&"",""))
A70: 66 | B70: =IF($H70="","",INDEX(FormData,$H70,f_Id)) | C70: =IF($H70="","",IFERROR(INDEX(FormData,$H70,f_Time),"")) | D70: =IF($H70="","",IFERROR(UPPER(LEFT(TRIM(INDEX(FormData,$H70,f_Name)),1)&IFERROR(MID(TRIM(INDEX(FormData,$H70,f_Name)),FIND("^",SUBSTITUTE(TRIM(INDEX(FormData,$H70,f_Name))," ","^",LEN(TRIM(INDEX(FormData,$H70,f_Name)))-LEN(SUBSTITUTE(TRIM(INDEX(FormData,$H70,f_Name))," ",""))))+1,1),"")),"")) | E70: =IF($H70="","",IFERROR(INDEX(EvID,MATCH(INDEX(FormData,$H70,f_Event),EvID,0)),IFERROR(INDEX(EvID,MATCH(INDEX(FormData,$H70,f_Event),EvName,0)),IFERROR(INDEX(EvID,MATCH(INT($C70),EvDate,0)),"(no event that day)")))) | F70: =IF($H70="","",IFERROR(IF(SUMPRODUCT(MAX((WhoKW<>"")*ISNUMBER(SEARCH(WhoKW,INDEX(FormData,$H70,f_Who)&""))*(ROW(WhoKW)-MIN(ROW(WhoKW))+1)))=0,"",INDEX(WhoVal,SUMPRODUCT(MAX((WhoKW<>"")*ISNUMBER(SEARCH(WhoKW,INDEX(FormData,$H70,f_Who)&""))*(ROW(WhoKW)-MIN(ROW(WhoKW))+1))))),"")) | G70: =IF($H70="","",IF(COUNTIF(People!$U$5:$U$604,$B70)+COUNTIF(People!$U$5:$U$604,$B70&"")>0,"✓ logged","→ add")) | H70: =IFERROR(IF(INDEX(FormData,67,f_Id)&""="","",67),"") | I70: =IF($H70="","",IFERROR(INDEX(FormData,$H70,f_Need)&"",""))
A71: 67 | B71: =IF($H71="","",INDEX(FormData,$H71,f_Id)) | C71: =IF($H71="","",IFERROR(INDEX(FormData,$H71,f_Time),"")) | D71: =IF($H71="","",IFERROR(UPPER(LEFT(TRIM(INDEX(FormData,$H71,f_Name)),1)&IFERROR(MID(TRIM(INDEX(FormData,$H71,f_Name)),FIND("^",SUBSTITUTE(TRIM(INDEX(FormData,$H71,f_Name))," ","^",LEN(TRIM(INDEX(FormData,$H71,f_Name)))-LEN(SUBSTITUTE(TRIM(INDEX(FormData,$H71,f_Name))," ",""))))+1,1),"")),"")) | E71: =IF($H71="","",IFERROR(INDEX(EvID,MATCH(INDEX(FormData,$H71,f_Event),EvID,0)),IFERROR(INDEX(EvID,MATCH(INDEX(FormData,$H71,f_Event),EvName,0)),IFERROR(INDEX(EvID,MATCH(INT($C71),EvDate,0)),"(no event that day)")))) | F71: =IF($H71="","",IFERROR(IF(SUMPRODUCT(MAX((WhoKW<>"")*ISNUMBER(SEARCH(WhoKW,INDEX(FormData,$H71,f_Who)&""))*(ROW(WhoKW)-MIN(ROW(WhoKW))+1)))=0,"",INDEX(WhoVal,SUMPRODUCT(MAX((WhoKW<>"")*ISNUMBER(SEARCH(WhoKW,INDEX(FormData,$H71,f_Who)&""))*(ROW(WhoKW)-MIN(ROW(WhoKW))+1))))),"")) | G71: =IF($H71="","",IF(COUNTIF(People!$U$5:$U$604,$B71)+COUNTIF(People!$U$5:$U$604,$B71&"")>0,"✓ logged","→ add")) | H71: =IFERROR(IF(INDEX(FormData,68,f_Id)&""="","",68),"") | I71: =IF($H71="","",IFERROR(INDEX(FormData,$H71,f_Need)&"",""))
A72: 68 | B72: =IF($H72="","",INDEX(FormData,$H72,f_Id)) | C72: =IF($H72="","",IFERROR(INDEX(FormData,$H72,f_Time),"")) | D72: =IF($H72="","",IFERROR(UPPER(LEFT(TRIM(INDEX(FormData,$H72,f_Name)),1)&IFERROR(MID(TRIM(INDEX(FormData,$H72,f_Name)),FIND("^",SUBSTITUTE(TRIM(INDEX(FormData,$H72,f_Name))," ","^",LEN(TRIM(INDEX(FormData,$H72,f_Name)))-LEN(SUBSTITUTE(TRIM(INDEX(FormData,$H72,f_Name))," ",""))))+1,1),"")),"")) | E72: =IF($H72="","",IFERROR(INDEX(EvID,MATCH(INDEX(FormData,$H72,f_Event),EvID,0)),IFERROR(INDEX(EvID,MATCH(INDEX(FormData,$H72,f_Event),EvName,0)),IFERROR(INDEX(EvID,MATCH(INT($C72),EvDate,0)),"(no event that day)")))) | F72: =IF($H72="","",IFERROR(IF(SUMPRODUCT(MAX((WhoKW<>"")*ISNUMBER(SEARCH(WhoKW,INDEX(FormData,$H72,f_Who)&""))*(ROW(WhoKW)-MIN(ROW(WhoKW))+1)))=0,"",INDEX(WhoVal,SUMPRODUCT(MAX((WhoKW<>"")*ISNUMBER(SEARCH(WhoKW,INDEX(FormData,$H72,f_Who)&""))*(ROW(WhoKW)-MIN(ROW(WhoKW))+1))))),"")) | G72: =IF($H72="","",IF(COUNTIF(People!$U$5:$U$604,$B72)+COUNTIF(People!$U$5:$U$604,$B72&"")>0,"✓ logged","→ add")) | H72: =IFERROR(IF(INDEX(FormData,69,f_Id)&""="","",69),"") | I72: =IF($H72="","",IFERROR(INDEX(FormData,$H72,f_Need)&"",""))
A73: 69 | B73: =IF($H73="","",INDEX(FormData,$H73,f_Id)) | C73: =IF($H73="","",IFERROR(INDEX(FormData,$H73,f_Time),"")) | D73: =IF($H73="","",IFERROR(UPPER(LEFT(TRIM(INDEX(FormData,$H73,f_Name)),1)&IFERROR(MID(TRIM(INDEX(FormData,$H73,f_Name)),FIND("^",SUBSTITUTE(TRIM(INDEX(FormData,$H73,f_Name))," ","^",LEN(TRIM(INDEX(FormData,$H73,f_Name)))-LEN(SUBSTITUTE(TRIM(INDEX(FormData,$H73,f_Name))," ",""))))+1,1),"")),"")) | E73: =IF($H73="","",IFERROR(INDEX(EvID,MATCH(INDEX(FormData,$H73,f_Event),EvID,0)),IFERROR(INDEX(EvID,MATCH(INDEX(FormData,$H73,f_Event),EvName,0)),IFERROR(INDEX(EvID,MATCH(INT($C73),EvDate,0)),"(no event that day)")))) | F73: =IF($H73="","",IFERROR(IF(SUMPRODUCT(MAX((WhoKW<>"")*ISNUMBER(SEARCH(WhoKW,INDEX(FormData,$H73,f_Who)&""))*(ROW(WhoKW)-MIN(ROW(WhoKW))+1)))=0,"",INDEX(WhoVal,SUMPRODUCT(MAX((WhoKW<>"")*ISNUMBER(SEARCH(WhoKW,INDEX(FormData,$H73,f_Who)&""))*(ROW(WhoKW)-MIN(ROW(WhoKW))+1))))),"")) | G73: =IF($H73="","",IF(COUNTIF(People!$U$5:$U$604,$B73)+COUNTIF(People!$U$5:$U$604,$B73&"")>0,"✓ logged","→ add")) | H73: =IFERROR(IF(INDEX(FormData,70,f_Id)&""="","",70),"") | I73: =IF($H73="","",IFERROR(INDEX(FormData,$H73,f_Need)&"",""))
A74: 70 | B74: =IF($H74="","",INDEX(FormData,$H74,f_Id)) | C74: =IF($H74="","",IFERROR(INDEX(FormData,$H74,f_Time),"")) | D74: =IF($H74="","",IFERROR(UPPER(LEFT(TRIM(INDEX(FormData,$H74,f_Name)),1)&IFERROR(MID(TRIM(INDEX(FormData,$H74,f_Name)),FIND("^",SUBSTITUTE(TRIM(INDEX(FormData,$H74,f_Name))," ","^",LEN(TRIM(INDEX(FormData,$H74,f_Name)))-LEN(SUBSTITUTE(TRIM(INDEX(FormData,$H74,f_Name))," ",""))))+1,1),"")),"")) | E74: =IF($H74="","",IFERROR(INDEX(EvID,MATCH(INDEX(FormData,$H74,f_Event),EvID,0)),IFERROR(INDEX(EvID,MATCH(INDEX(FormData,$H74,f_Event),EvName,0)),IFERROR(INDEX(EvID,MATCH(INT($C74),EvDate,0)),"(no event that day)")))) | F74: =IF($H74="","",IFERROR(IF(SUMPRODUCT(MAX((WhoKW<>"")*ISNUMBER(SEARCH(WhoKW,INDEX(FormData,$H74,f_Who)&""))*(ROW(WhoKW)-MIN(ROW(WhoKW))+1)))=0,"",INDEX(WhoVal,SUMPRODUCT(MAX((WhoKW<>"")*ISNUMBER(SEARCH(WhoKW,INDEX(FormData,$H74,f_Who)&""))*(ROW(WhoKW)-MIN(ROW(WhoKW))+1))))),"")) | G74: =IF($H74="","",IF(COUNTIF(People!$U$5:$U$604,$B74)+COUNTIF(People!$U$5:$U$604,$B74&"")>0,"✓ logged","→ add")) | H74: =IFERROR(IF(INDEX(FormData,71,f_Id)&""="","",71),"") | I74: =IF($H74="","",IFERROR(INDEX(FormData,$H74,f_Need)&"",""))
A75: 71 | B75: =IF($H75="","",INDEX(FormData,$H75,f_Id)) | C75: =IF($H75="","",IFERROR(INDEX(FormData,$H75,f_Time),"")) | D75: =IF($H75="","",IFERROR(UPPER(LEFT(TRIM(INDEX(FormData,$H75,f_Name)),1)&IFERROR(MID(TRIM(INDEX(FormData,$H75,f_Name)),FIND("^",SUBSTITUTE(TRIM(INDEX(FormData,$H75,f_Name))," ","^",LEN(TRIM(INDEX(FormData,$H75,f_Name)))-LEN(SUBSTITUTE(TRIM(INDEX(FormData,$H75,f_Name))," ",""))))+1,1),"")),"")) | E75: =IF($H75="","",IFERROR(INDEX(EvID,MATCH(INDEX(FormData,$H75,f_Event),EvID,0)),IFERROR(INDEX(EvID,MATCH(INDEX(FormData,$H75,f_Event),EvName,0)),IFERROR(INDEX(EvID,MATCH(INT($C75),EvDate,0)),"(no event that day)")))) | F75: =IF($H75="","",IFERROR(IF(SUMPRODUCT(MAX((WhoKW<>"")*ISNUMBER(SEARCH(WhoKW,INDEX(FormData,$H75,f_Who)&""))*(ROW(WhoKW)-MIN(ROW(WhoKW))+1)))=0,"",INDEX(WhoVal,SUMPRODUCT(MAX((WhoKW<>"")*ISNUMBER(SEARCH(WhoKW,INDEX(FormData,$H75,f_Who)&""))*(ROW(WhoKW)-MIN(ROW(WhoKW))+1))))),"")) | G75: =IF($H75="","",IF(COUNTIF(People!$U$5:$U$604,$B75)+COUNTIF(People!$U$5:$U$604,$B75&"")>0,"✓ logged","→ add")) | H75: =IFERROR(IF(INDEX(FormData,72,f_Id)&""="","",72),"") | I75: =IF($H75="","",IFERROR(INDEX(FormData,$H75,f_Need)&"",""))
A76: 72 | B76: =IF($H76="","",INDEX(FormData,$H76,f_Id)) | C76: =IF($H76="","",IFERROR(INDEX(FormData,$H76,f_Time),"")) | D76: =IF($H76="","",IFERROR(UPPER(LEFT(TRIM(INDEX(FormData,$H76,f_Name)),1)&IFERROR(MID(TRIM(INDEX(FormData,$H76,f_Name)),FIND("^",SUBSTITUTE(TRIM(INDEX(FormData,$H76,f_Name))," ","^",LEN(TRIM(INDEX(FormData,$H76,f_Name)))-LEN(SUBSTITUTE(TRIM(INDEX(FormData,$H76,f_Name))," ",""))))+1,1),"")),"")) | E76: =IF($H76="","",IFERROR(INDEX(EvID,MATCH(INDEX(FormData,$H76,f_Event),EvID,0)),IFERROR(INDEX(EvID,MATCH(INDEX(FormData,$H76,f_Event),EvName,0)),IFERROR(INDEX(EvID,MATCH(INT($C76),EvDate,0)),"(no event that day)")))) | F76: =IF($H76="","",IFERROR(IF(SUMPRODUCT(MAX((WhoKW<>"")*ISNUMBER(SEARCH(WhoKW,INDEX(FormData,$H76,f_Who)&""))*(ROW(WhoKW)-MIN(ROW(WhoKW))+1)))=0,"",INDEX(WhoVal,SUMPRODUCT(MAX((WhoKW<>"")*ISNUMBER(SEARCH(WhoKW,INDEX(FormData,$H76,f_Who)&""))*(ROW(WhoKW)-MIN(ROW(WhoKW))+1))))),"")) | G76: =IF($H76="","",IF(COUNTIF(People!$U$5:$U$604,$B76)+COUNTIF(People!$U$5:$U$604,$B76&"")>0,"✓ logged","→ add")) | H76: =IFERROR(IF(INDEX(FormData,73,f_Id)&""="","",73),"") | I76: =IF($H76="","",IFERROR(INDEX(FormData,$H76,f_Need)&"",""))
A77: 73 | B77: =IF($H77="","",INDEX(FormData,$H77,f_Id)) | C77: =IF($H77="","",IFERROR(INDEX(FormData,$H77,f_Time),"")) | D77: =IF($H77="","",IFERROR(UPPER(LEFT(TRIM(INDEX(FormData,$H77,f_Name)),1)&IFERROR(MID(TRIM(INDEX(FormData,$H77,f_Name)),FIND("^",SUBSTITUTE(TRIM(INDEX(FormData,$H77,f_Name))," ","^",LEN(TRIM(INDEX(FormData,$H77,f_Name)))-LEN(SUBSTITUTE(TRIM(INDEX(FormData,$H77,f_Name))," ",""))))+1,1),"")),"")) | E77: =IF($H77="","",IFERROR(INDEX(EvID,MATCH(INDEX(FormData,$H77,f_Event),EvID,0)),IFERROR(INDEX(EvID,MATCH(INDEX(FormData,$H77,f_Event),EvName,0)),IFERROR(INDEX(EvID,MATCH(INT($C77),EvDate,0)),"(no event that day)")))) | F77: =IF($H77="","",IFERROR(IF(SUMPRODUCT(MAX((WhoKW<>"")*ISNUMBER(SEARCH(WhoKW,INDEX(FormData,$H77,f_Who)&""))*(ROW(WhoKW)-MIN(ROW(WhoKW))+1)))=0,"",INDEX(WhoVal,SUMPRODUCT(MAX((WhoKW<>"")*ISNUMBER(SEARCH(WhoKW,INDEX(FormData,$H77,f_Who)&""))*(ROW(WhoKW)-MIN(ROW(WhoKW))+1))))),"")) | G77: =IF($H77="","",IF(COUNTIF(People!$U$5:$U$604,$B77)+COUNTIF(People!$U$5:$U$604,$B77&"")>0,"✓ logged","→ add")) | H77: =IFERROR(IF(INDEX(FormData,74,f_Id)&""="","",74),"") | I77: =IF($H77="","",IFERROR(INDEX(FormData,$H77,f_Need)&"",""))
A78: 74 | B78: =IF($H78="","",INDEX(FormData,$H78,f_Id)) | C78: =IF($H78="","",IFERROR(INDEX(FormData,$H78,f_Time),"")) | D78: =IF($H78="","",IFERROR(UPPER(LEFT(TRIM(INDEX(FormData,$H78,f_Name)),1)&IFERROR(MID(TRIM(INDEX(FormData,$H78,f_Name)),FIND("^",SUBSTITUTE(TRIM(INDEX(FormData,$H78,f_Name))," ","^",LEN(TRIM(INDEX(FormData,$H78,f_Name)))-LEN(SUBSTITUTE(TRIM(INDEX(FormData,$H78,f_Name))," ",""))))+1,1),"")),"")) | E78: =IF($H78="","",IFERROR(INDEX(EvID,MATCH(INDEX(FormData,$H78,f_Event),EvID,0)),IFERROR(INDEX(EvID,MATCH(INDEX(FormData,$H78,f_Event),EvName,0)),IFERROR(INDEX(EvID,MATCH(INT($C78),EvDate,0)),"(no event that day)")))) | F78: =IF($H78="","",IFERROR(IF(SUMPRODUCT(MAX((WhoKW<>"")*ISNUMBER(SEARCH(WhoKW,INDEX(FormData,$H78,f_Who)&""))*(ROW(WhoKW)-MIN(ROW(WhoKW))+1)))=0,"",INDEX(WhoVal,SUMPRODUCT(MAX((WhoKW<>"")*ISNUMBER(SEARCH(WhoKW,INDEX(FormData,$H78,f_Who)&""))*(ROW(WhoKW)-MIN(ROW(WhoKW))+1))))),"")) | G78: =IF($H78="","",IF(COUNTIF(People!$U$5:$U$604,$B78)+COUNTIF(People!$U$5:$U$604,$B78&"")>0,"✓ logged","→ add")) | H78: =IFERROR(IF(INDEX(FormData,75,f_Id)&""="","",75),"") | I78: =IF($H78="","",IFERROR(INDEX(FormData,$H78,f_Need)&"",""))
A79: 75 | B79: =IF($H79="","",INDEX(FormData,$H79,f_Id)) | C79: =IF($H79="","",IFERROR(INDEX(FormData,$H79,f_Time),"")) | D79: =IF($H79="","",IFERROR(UPPER(LEFT(TRIM(INDEX(FormData,$H79,f_Name)),1)&IFERROR(MID(TRIM(INDEX(FormData,$H79,f_Name)),FIND("^",SUBSTITUTE(TRIM(INDEX(FormData,$H79,f_Name))," ","^",LEN(TRIM(INDEX(FormData,$H79,f_Name)))-LEN(SUBSTITUTE(TRIM(INDEX(FormData,$H79,f_Name))," ",""))))+1,1),"")),"")) | E79: =IF($H79="","",IFERROR(INDEX(EvID,MATCH(INDEX(FormData,$H79,f_Event),EvID,0)),IFERROR(INDEX(EvID,MATCH(INDEX(FormData,$H79,f_Event),EvName,0)),IFERROR(INDEX(EvID,MATCH(INT($C79),EvDate,0)),"(no event that day)")))) | F79: =IF($H79="","",IFERROR(IF(SUMPRODUCT(MAX((WhoKW<>"")*ISNUMBER(SEARCH(WhoKW,INDEX(FormData,$H79,f_Who)&""))*(ROW(WhoKW)-MIN(ROW(WhoKW))+1)))=0,"",INDEX(WhoVal,SUMPRODUCT(MAX((WhoKW<>"")*ISNUMBER(SEARCH(WhoKW,INDEX(FormData,$H79,f_Who)&""))*(ROW(WhoKW)-MIN(ROW(WhoKW))+1))))),"")) | G79: =IF($H79="","",IF(COUNTIF(People!$U$5:$U$604,$B79)+COUNTIF(People!$U$5:$U$604,$B79&"")>0,"✓ logged","→ add")) | H79: =IFERROR(IF(INDEX(FormData,76,f_Id)&""="","",76),"") | I79: =IF($H79="","",IFERROR(INDEX(FormData,$H79,f_Need)&"",""))
A80: 76 | B80: =IF($H80="","",INDEX(FormData,$H80,f_Id)) | C80: =IF($H80="","",IFERROR(INDEX(FormData,$H80,f_Time),"")) | D80: =IF($H80="","",IFERROR(UPPER(LEFT(TRIM(INDEX(FormData,$H80,f_Name)),1)&IFERROR(MID(TRIM(INDEX(FormData,$H80,f_Name)),FIND("^",SUBSTITUTE(TRIM(INDEX(FormData,$H80,f_Name))," ","^",LEN(TRIM(INDEX(FormData,$H80,f_Name)))-LEN(SUBSTITUTE(TRIM(INDEX(FormData,$H80,f_Name))," ",""))))+1,1),"")),"")) | E80: =IF($H80="","",IFERROR(INDEX(EvID,MATCH(INDEX(FormData,$H80,f_Event),EvID,0)),IFERROR(INDEX(EvID,MATCH(INDEX(FormData,$H80,f_Event),EvName,0)),IFERROR(INDEX(EvID,MATCH(INT($C80),EvDate,0)),"(no event that day)")))) | F80: =IF($H80="","",IFERROR(IF(SUMPRODUCT(MAX((WhoKW<>"")*ISNUMBER(SEARCH(WhoKW,INDEX(FormData,$H80,f_Who)&""))*(ROW(WhoKW)-MIN(ROW(WhoKW))+1)))=0,"",INDEX(WhoVal,SUMPRODUCT(MAX((WhoKW<>"")*ISNUMBER(SEARCH(WhoKW,INDEX(FormData,$H80,f_Who)&""))*(ROW(WhoKW)-MIN(ROW(WhoKW))+1))))),"")) | G80: =IF($H80="","",IF(COUNTIF(People!$U$5:$U$604,$B80)+COUNTIF(People!$U$5:$U$604,$B80&"")>0,"✓ logged","→ add")) | H80: =IFERROR(IF(INDEX(FormData,77,f_Id)&""="","",77),"") | I80: =IF($H80="","",IFERROR(INDEX(FormData,$H80,f_Need)&"",""))
A81: 77 | B81: =IF($H81="","",INDEX(FormData,$H81,f_Id)) | C81: =IF($H81="","",IFERROR(INDEX(FormData,$H81,f_Time),"")) | D81: =IF($H81="","",IFERROR(UPPER(LEFT(TRIM(INDEX(FormData,$H81,f_Name)),1)&IFERROR(MID(TRIM(INDEX(FormData,$H81,f_Name)),FIND("^",SUBSTITUTE(TRIM(INDEX(FormData,$H81,f_Name))," ","^",LEN(TRIM(INDEX(FormData,$H81,f_Name)))-LEN(SUBSTITUTE(TRIM(INDEX(FormData,$H81,f_Name))," ",""))))+1,1),"")),"")) | E81: =IF($H81="","",IFERROR(INDEX(EvID,MATCH(INDEX(FormData,$H81,f_Event),EvID,0)),IFERROR(INDEX(EvID,MATCH(INDEX(FormData,$H81,f_Event),EvName,0)),IFERROR(INDEX(EvID,MATCH(INT($C81),EvDate,0)),"(no event that day)")))) | F81: =IF($H81="","",IFERROR(IF(SUMPRODUCT(MAX((WhoKW<>"")*ISNUMBER(SEARCH(WhoKW,INDEX(FormData,$H81,f_Who)&""))*(ROW(WhoKW)-MIN(ROW(WhoKW))+1)))=0,"",INDEX(WhoVal,SUMPRODUCT(MAX((WhoKW<>"")*ISNUMBER(SEARCH(WhoKW,INDEX(FormData,$H81,f_Who)&""))*(ROW(WhoKW)-MIN(ROW(WhoKW))+1))))),"")) | G81: =IF($H81="","",IF(COUNTIF(People!$U$5:$U$604,$B81)+COUNTIF(People!$U$5:$U$604,$B81&"")>0,"✓ logged","→ add")) | H81: =IFERROR(IF(INDEX(FormData,78,f_Id)&""="","",78),"") | I81: =IF($H81="","",IFERROR(INDEX(FormData,$H81,f_Need)&"",""))
A82: 78 | B82: =IF($H82="","",INDEX(FormData,$H82,f_Id)) | C82: =IF($H82="","",IFERROR(INDEX(FormData,$H82,f_Time),"")) | D82: =IF($H82="","",IFERROR(UPPER(LEFT(TRIM(INDEX(FormData,$H82,f_Name)),1)&IFERROR(MID(TRIM(INDEX(FormData,$H82,f_Name)),FIND("^",SUBSTITUTE(TRIM(INDEX(FormData,$H82,f_Name))," ","^",LEN(TRIM(INDEX(FormData,$H82,f_Name)))-LEN(SUBSTITUTE(TRIM(INDEX(FormData,$H82,f_Name))," ",""))))+1,1),"")),"")) | E82: =IF($H82="","",IFERROR(INDEX(EvID,MATCH(INDEX(FormData,$H82,f_Event),EvID,0)),IFERROR(INDEX(EvID,MATCH(INDEX(FormData,$H82,f_Event),EvName,0)),IFERROR(INDEX(EvID,MATCH(INT($C82),EvDate,0)),"(no event that day)")))) | F82: =IF($H82="","",IFERROR(IF(SUMPRODUCT(MAX((WhoKW<>"")*ISNUMBER(SEARCH(WhoKW,INDEX(FormData,$H82,f_Who)&""))*(ROW(WhoKW)-MIN(ROW(WhoKW))+1)))=0,"",INDEX(WhoVal,SUMPRODUCT(MAX((WhoKW<>"")*ISNUMBER(SEARCH(WhoKW,INDEX(FormData,$H82,f_Who)&""))*(ROW(WhoKW)-MIN(ROW(WhoKW))+1))))),"")) | G82: =IF($H82="","",IF(COUNTIF(People!$U$5:$U$604,$B82)+COUNTIF(People!$U$5:$U$604,$B82&"")>0,"✓ logged","→ add")) | H82: =IFERROR(IF(INDEX(FormData,79,f_Id)&""="","",79),"") | I82: =IF($H82="","",IFERROR(INDEX(FormData,$H82,f_Need)&"",""))
A83: 79 | B83: =IF($H83="","",INDEX(FormData,$H83,f_Id)) | C83: =IF($H83="","",IFERROR(INDEX(FormData,$H83,f_Time),"")) | D83: =IF($H83="","",IFERROR(UPPER(LEFT(TRIM(INDEX(FormData,$H83,f_Name)),1)&IFERROR(MID(TRIM(INDEX(FormData,$H83,f_Name)),FIND("^",SUBSTITUTE(TRIM(INDEX(FormData,$H83,f_Name))," ","^",LEN(TRIM(INDEX(FormData,$H83,f_Name)))-LEN(SUBSTITUTE(TRIM(INDEX(FormData,$H83,f_Name))," ",""))))+1,1),"")),"")) | E83: =IF($H83="","",IFERROR(INDEX(EvID,MATCH(INDEX(FormData,$H83,f_Event),EvID,0)),IFERROR(INDEX(EvID,MATCH(INDEX(FormData,$H83,f_Event),EvName,0)),IFERROR(INDEX(EvID,MATCH(INT($C83),EvDate,0)),"(no event that day)")))) | F83: =IF($H83="","",IFERROR(IF(SUMPRODUCT(MAX((WhoKW<>"")*ISNUMBER(SEARCH(WhoKW,INDEX(FormData,$H83,f_Who)&""))*(ROW(WhoKW)-MIN(ROW(WhoKW))+1)))=0,"",INDEX(WhoVal,SUMPRODUCT(MAX((WhoKW<>"")*ISNUMBER(SEARCH(WhoKW,INDEX(FormData,$H83,f_Who)&""))*(ROW(WhoKW)-MIN(ROW(WhoKW))+1))))),"")) | G83: =IF($H83="","",IF(COUNTIF(People!$U$5:$U$604,$B83)+COUNTIF(People!$U$5:$U$604,$B83&"")>0,"✓ logged","→ add")) | H83: =IFERROR(IF(INDEX(FormData,80,f_Id)&""="","",80),"") | I83: =IF($H83="","",IFERROR(INDEX(FormData,$H83,f_Need)&"",""))
A84: 80 | B84: =IF($H84="","",INDEX(FormData,$H84,f_Id)) | C84: =IF($H84="","",IFERROR(INDEX(FormData,$H84,f_Time),"")) | D84: =IF($H84="","",IFERROR(UPPER(LEFT(TRIM(INDEX(FormData,$H84,f_Name)),1)&IFERROR(MID(TRIM(INDEX(FormData,$H84,f_Name)),FIND("^",SUBSTITUTE(TRIM(INDEX(FormData,$H84,f_Name))," ","^",LEN(TRIM(INDEX(FormData,$H84,f_Name)))-LEN(SUBSTITUTE(TRIM(INDEX(FormData,$H84,f_Name))," ",""))))+1,1),"")),"")) | E84: =IF($H84="","",IFERROR(INDEX(EvID,MATCH(INDEX(FormData,$H84,f_Event),EvID,0)),IFERROR(INDEX(EvID,MATCH(INDEX(FormData,$H84,f_Event),EvName,0)),IFERROR(INDEX(EvID,MATCH(INT($C84),EvDate,0)),"(no event that day)")))) | F84: =IF($H84="","",IFERROR(IF(SUMPRODUCT(MAX((WhoKW<>"")*ISNUMBER(SEARCH(WhoKW,INDEX(FormData,$H84,f_Who)&""))*(ROW(WhoKW)-MIN(ROW(WhoKW))+1)))=0,"",INDEX(WhoVal,SUMPRODUCT(MAX((WhoKW<>"")*ISNUMBER(SEARCH(WhoKW,INDEX(FormData,$H84,f_Who)&""))*(ROW(WhoKW)-MIN(ROW(WhoKW))+1))))),"")) | G84: =IF($H84="","",IF(COUNTIF(People!$U$5:$U$604,$B84)+COUNTIF(People!$U$5:$U$604,$B84&"")>0,"✓ logged","→ add")) | H84: =IFERROR(IF(INDEX(FormData,81,f_Id)&""="","",81),"") | I84: =IF($H84="","",IFERROR(INDEX(FormData,$H84,f_Need)&"",""))
A85: 81 | B85: =IF($H85="","",INDEX(FormData,$H85,f_Id)) | C85: =IF($H85="","",IFERROR(INDEX(FormData,$H85,f_Time),"")) | D85: =IF($H85="","",IFERROR(UPPER(LEFT(TRIM(INDEX(FormData,$H85,f_Name)),1)&IFERROR(MID(TRIM(INDEX(FormData,$H85,f_Name)),FIND("^",SUBSTITUTE(TRIM(INDEX(FormData,$H85,f_Name))," ","^",LEN(TRIM(INDEX(FormData,$H85,f_Name)))-LEN(SUBSTITUTE(TRIM(INDEX(FormData,$H85,f_Name))," ",""))))+1,1),"")),"")) | E85: =IF($H85="","",IFERROR(INDEX(EvID,MATCH(INDEX(FormData,$H85,f_Event),EvID,0)),IFERROR(INDEX(EvID,MATCH(INDEX(FormData,$H85,f_Event),EvName,0)),IFERROR(INDEX(EvID,MATCH(INT($C85),EvDate,0)),"(no event that day)")))) | F85: =IF($H85="","",IFERROR(IF(SUMPRODUCT(MAX((WhoKW<>"")*ISNUMBER(SEARCH(WhoKW,INDEX(FormData,$H85,f_Who)&""))*(ROW(WhoKW)-MIN(ROW(WhoKW))+1)))=0,"",INDEX(WhoVal,SUMPRODUCT(MAX((WhoKW<>"")*ISNUMBER(SEARCH(WhoKW,INDEX(FormData,$H85,f_Who)&""))*(ROW(WhoKW)-MIN(ROW(WhoKW))+1))))),"")) | G85: =IF($H85="","",IF(COUNTIF(People!$U$5:$U$604,$B85)+COUNTIF(People!$U$5:$U$604,$B85&"")>0,"✓ logged","→ add")) | H85: =IFERROR(IF(INDEX(FormData,82,f_Id)&""="","",82),"") | I85: =IF($H85="","",IFERROR(INDEX(FormData,$H85,f_Need)&"",""))
A86: 82 | B86: =IF($H86="","",INDEX(FormData,$H86,f_Id)) | C86: =IF($H86="","",IFERROR(INDEX(FormData,$H86,f_Time),"")) | D86: =IF($H86="","",IFERROR(UPPER(LEFT(TRIM(INDEX(FormData,$H86,f_Name)),1)&IFERROR(MID(TRIM(INDEX(FormData,$H86,f_Name)),FIND("^",SUBSTITUTE(TRIM(INDEX(FormData,$H86,f_Name))," ","^",LEN(TRIM(INDEX(FormData,$H86,f_Name)))-LEN(SUBSTITUTE(TRIM(INDEX(FormData,$H86,f_Name))," ",""))))+1,1),"")),"")) | E86: =IF($H86="","",IFERROR(INDEX(EvID,MATCH(INDEX(FormData,$H86,f_Event),EvID,0)),IFERROR(INDEX(EvID,MATCH(INDEX(FormData,$H86,f_Event),EvName,0)),IFERROR(INDEX(EvID,MATCH(INT($C86),EvDate,0)),"(no event that day)")))) | F86: =IF($H86="","",IFERROR(IF(SUMPRODUCT(MAX((WhoKW<>"")*ISNUMBER(SEARCH(WhoKW,INDEX(FormData,$H86,f_Who)&""))*(ROW(WhoKW)-MIN(ROW(WhoKW))+1)))=0,"",INDEX(WhoVal,SUMPRODUCT(MAX((WhoKW<>"")*ISNUMBER(SEARCH(WhoKW,INDEX(FormData,$H86,f_Who)&""))*(ROW(WhoKW)-MIN(ROW(WhoKW))+1))))),"")) | G86: =IF($H86="","",IF(COUNTIF(People!$U$5:$U$604,$B86)+COUNTIF(People!$U$5:$U$604,$B86&"")>0,"✓ logged","→ add")) | H86: =IFERROR(IF(INDEX(FormData,83,f_Id)&""="","",83),"") | I86: =IF($H86="","",IFERROR(INDEX(FormData,$H86,f_Need)&"",""))
A87: 83 | B87: =IF($H87="","",INDEX(FormData,$H87,f_Id)) | C87: =IF($H87="","",IFERROR(INDEX(FormData,$H87,f_Time),"")) | D87: =IF($H87="","",IFERROR(UPPER(LEFT(TRIM(INDEX(FormData,$H87,f_Name)),1)&IFERROR(MID(TRIM(INDEX(FormData,$H87,f_Name)),FIND("^",SUBSTITUTE(TRIM(INDEX(FormData,$H87,f_Name))," ","^",LEN(TRIM(INDEX(FormData,$H87,f_Name)))-LEN(SUBSTITUTE(TRIM(INDEX(FormData,$H87,f_Name))," ",""))))+1,1),"")),"")) | E87: =IF($H87="","",IFERROR(INDEX(EvID,MATCH(INDEX(FormData,$H87,f_Event),EvID,0)),IFERROR(INDEX(EvID,MATCH(INDEX(FormData,$H87,f_Event),EvName,0)),IFERROR(INDEX(EvID,MATCH(INT($C87),EvDate,0)),"(no event that day)")))) | F87: =IF($H87="","",IFERROR(IF(SUMPRODUCT(MAX((WhoKW<>"")*ISNUMBER(SEARCH(WhoKW,INDEX(FormData,$H87,f_Who)&""))*(ROW(WhoKW)-MIN(ROW(WhoKW))+1)))=0,"",INDEX(WhoVal,SUMPRODUCT(MAX((WhoKW<>"")*ISNUMBER(SEARCH(WhoKW,INDEX(FormData,$H87,f_Who)&""))*(ROW(WhoKW)-MIN(ROW(WhoKW))+1))))),"")) | G87: =IF($H87="","",IF(COUNTIF(People!$U$5:$U$604,$B87)+COUNTIF(People!$U$5:$U$604,$B87&"")>0,"✓ logged","→ add")) | H87: =IFERROR(IF(INDEX(FormData,84,f_Id)&""="","",84),"") | I87: =IF($H87="","",IFERROR(INDEX(FormData,$H87,f_Need)&"",""))
A88: 84 | B88: =IF($H88="","",INDEX(FormData,$H88,f_Id)) | C88: =IF($H88="","",IFERROR(INDEX(FormData,$H88,f_Time),"")) | D88: =IF($H88="","",IFERROR(UPPER(LEFT(TRIM(INDEX(FormData,$H88,f_Name)),1)&IFERROR(MID(TRIM(INDEX(FormData,$H88,f_Name)),FIND("^",SUBSTITUTE(TRIM(INDEX(FormData,$H88,f_Name))," ","^",LEN(TRIM(INDEX(FormData,$H88,f_Name)))-LEN(SUBSTITUTE(TRIM(INDEX(FormData,$H88,f_Name))," ",""))))+1,1),"")),"")) | E88: =IF($H88="","",IFERROR(INDEX(EvID,MATCH(INDEX(FormData,$H88,f_Event),EvID,0)),IFERROR(INDEX(EvID,MATCH(INDEX(FormData,$H88,f_Event),EvName,0)),IFERROR(INDEX(EvID,MATCH(INT($C88),EvDate,0)),"(no event that day)")))) | F88: =IF($H88="","",IFERROR(IF(SUMPRODUCT(MAX((WhoKW<>"")*ISNUMBER(SEARCH(WhoKW,INDEX(FormData,$H88,f_Who)&""))*(ROW(WhoKW)-MIN(ROW(WhoKW))+1)))=0,"",INDEX(WhoVal,SUMPRODUCT(MAX((WhoKW<>"")*ISNUMBER(SEARCH(WhoKW,INDEX(FormData,$H88,f_Who)&""))*(ROW(WhoKW)-MIN(ROW(WhoKW))+1))))),"")) | G88: =IF($H88="","",IF(COUNTIF(People!$U$5:$U$604,$B88)+COUNTIF(People!$U$5:$U$604,$B88&"")>0,"✓ logged","→ add")) | H88: =IFERROR(IF(INDEX(FormData,85,f_Id)&""="","",85),"") | I88: =IF($H88="","",IFERROR(INDEX(FormData,$H88,f_Need)&"",""))
A89: 85 | B89: =IF($H89="","",INDEX(FormData,$H89,f_Id)) | C89: =IF($H89="","",IFERROR(INDEX(FormData,$H89,f_Time),"")) | D89: =IF($H89="","",IFERROR(UPPER(LEFT(TRIM(INDEX(FormData,$H89,f_Name)),1)&IFERROR(MID(TRIM(INDEX(FormData,$H89,f_Name)),FIND("^",SUBSTITUTE(TRIM(INDEX(FormData,$H89,f_Name))," ","^",LEN(TRIM(INDEX(FormData,$H89,f_Name)))-LEN(SUBSTITUTE(TRIM(INDEX(FormData,$H89,f_Name))," ",""))))+1,1),"")),"")) | E89: =IF($H89="","",IFERROR(INDEX(EvID,MATCH(INDEX(FormData,$H89,f_Event),EvID,0)),IFERROR(INDEX(EvID,MATCH(INDEX(FormData,$H89,f_Event),EvName,0)),IFERROR(INDEX(EvID,MATCH(INT($C89),EvDate,0)),"(no event that day)")))) | F89: =IF($H89="","",IFERROR(IF(SUMPRODUCT(MAX((WhoKW<>"")*ISNUMBER(SEARCH(WhoKW,INDEX(FormData,$H89,f_Who)&""))*(ROW(WhoKW)-MIN(ROW(WhoKW))+1)))=0,"",INDEX(WhoVal,SUMPRODUCT(MAX((WhoKW<>"")*ISNUMBER(SEARCH(WhoKW,INDEX(FormData,$H89,f_Who)&""))*(ROW(WhoKW)-MIN(ROW(WhoKW))+1))))),"")) | G89: =IF($H89="","",IF(COUNTIF(People!$U$5:$U$604,$B89)+COUNTIF(People!$U$5:$U$604,$B89&"")>0,"✓ logged","→ add")) | H89: =IFERROR(IF(INDEX(FormData,86,f_Id)&""="","",86),"") | I89: =IF($H89="","",IFERROR(INDEX(FormData,$H89,f_Need)&"",""))
A90: 86 | B90: =IF($H90="","",INDEX(FormData,$H90,f_Id)) | C90: =IF($H90="","",IFERROR(INDEX(FormData,$H90,f_Time),"")) | D90: =IF($H90="","",IFERROR(UPPER(LEFT(TRIM(INDEX(FormData,$H90,f_Name)),1)&IFERROR(MID(TRIM(INDEX(FormData,$H90,f_Name)),FIND("^",SUBSTITUTE(TRIM(INDEX(FormData,$H90,f_Name))," ","^",LEN(TRIM(INDEX(FormData,$H90,f_Name)))-LEN(SUBSTITUTE(TRIM(INDEX(FormData,$H90,f_Name))," ",""))))+1,1),"")),"")) | E90: =IF($H90="","",IFERROR(INDEX(EvID,MATCH(INDEX(FormData,$H90,f_Event),EvID,0)),IFERROR(INDEX(EvID,MATCH(INDEX(FormData,$H90,f_Event),EvName,0)),IFERROR(INDEX(EvID,MATCH(INT($C90),EvDate,0)),"(no event that day)")))) | F90: =IF($H90="","",IFERROR(IF(SUMPRODUCT(MAX((WhoKW<>"")*ISNUMBER(SEARCH(WhoKW,INDEX(FormData,$H90,f_Who)&""))*(ROW(WhoKW)-MIN(ROW(WhoKW))+1)))=0,"",INDEX(WhoVal,SUMPRODUCT(MAX((WhoKW<>"")*ISNUMBER(SEARCH(WhoKW,INDEX(FormData,$H90,f_Who)&""))*(ROW(WhoKW)-MIN(ROW(WhoKW))+1))))),"")) | G90: =IF($H90="","",IF(COUNTIF(People!$U$5:$U$604,$B90)+COUNTIF(People!$U$5:$U$604,$B90&"")>0,"✓ logged","→ add")) | H90: =IFERROR(IF(INDEX(FormData,87,f_Id)&""="","",87),"") | I90: =IF($H90="","",IFERROR(INDEX(FormData,$H90,f_Need)&"",""))
A91: 87 | B91: =IF($H91="","",INDEX(FormData,$H91,f_Id)) | C91: =IF($H91="","",IFERROR(INDEX(FormData,$H91,f_Time),"")) | D91: =IF($H91="","",IFERROR(UPPER(LEFT(TRIM(INDEX(FormData,$H91,f_Name)),1)&IFERROR(MID(TRIM(INDEX(FormData,$H91,f_Name)),FIND("^",SUBSTITUTE(TRIM(INDEX(FormData,$H91,f_Name))," ","^",LEN(TRIM(INDEX(FormData,$H91,f_Name)))-LEN(SUBSTITUTE(TRIM(INDEX(FormData,$H91,f_Name))," ",""))))+1,1),"")),"")) | E91: =IF($H91="","",IFERROR(INDEX(EvID,MATCH(INDEX(FormData,$H91,f_Event),EvID,0)),IFERROR(INDEX(EvID,MATCH(INDEX(FormData,$H91,f_Event),EvName,0)),IFERROR(INDEX(EvID,MATCH(INT($C91),EvDate,0)),"(no event that day)")))) | F91: =IF($H91="","",IFERROR(IF(SUMPRODUCT(MAX((WhoKW<>"")*ISNUMBER(SEARCH(WhoKW,INDEX(FormData,$H91,f_Who)&""))*(ROW(WhoKW)-MIN(ROW(WhoKW))+1)))=0,"",INDEX(WhoVal,SUMPRODUCT(MAX((WhoKW<>"")*ISNUMBER(SEARCH(WhoKW,INDEX(FormData,$H91,f_Who)&""))*(ROW(WhoKW)-MIN(ROW(WhoKW))+1))))),"")) | G91: =IF($H91="","",IF(COUNTIF(People!$U$5:$U$604,$B91)+COUNTIF(People!$U$5:$U$604,$B91&"")>0,"✓ logged","→ add")) | H91: =IFERROR(IF(INDEX(FormData,88,f_Id)&""="","",88),"") | I91: =IF($H91="","",IFERROR(INDEX(FormData,$H91,f_Need)&"",""))
A92: 88 | B92: =IF($H92="","",INDEX(FormData,$H92,f_Id)) | C92: =IF($H92="","",IFERROR(INDEX(FormData,$H92,f_Time),"")) | D92: =IF($H92="","",IFERROR(UPPER(LEFT(TRIM(INDEX(FormData,$H92,f_Name)),1)&IFERROR(MID(TRIM(INDEX(FormData,$H92,f_Name)),FIND("^",SUBSTITUTE(TRIM(INDEX(FormData,$H92,f_Name))," ","^",LEN(TRIM(INDEX(FormData,$H92,f_Name)))-LEN(SUBSTITUTE(TRIM(INDEX(FormData,$H92,f_Name))," ",""))))+1,1),"")),"")) | E92: =IF($H92="","",IFERROR(INDEX(EvID,MATCH(INDEX(FormData,$H92,f_Event),EvID,0)),IFERROR(INDEX(EvID,MATCH(INDEX(FormData,$H92,f_Event),EvName,0)),IFERROR(INDEX(EvID,MATCH(INT($C92),EvDate,0)),"(no event that day)")))) | F92: =IF($H92="","",IFERROR(IF(SUMPRODUCT(MAX((WhoKW<>"")*ISNUMBER(SEARCH(WhoKW,INDEX(FormData,$H92,f_Who)&""))*(ROW(WhoKW)-MIN(ROW(WhoKW))+1)))=0,"",INDEX(WhoVal,SUMPRODUCT(MAX((WhoKW<>"")*ISNUMBER(SEARCH(WhoKW,INDEX(FormData,$H92,f_Who)&""))*(ROW(WhoKW)-MIN(ROW(WhoKW))+1))))),"")) | G92: =IF($H92="","",IF(COUNTIF(People!$U$5:$U$604,$B92)+COUNTIF(People!$U$5:$U$604,$B92&"")>0,"✓ logged","→ add")) | H92: =IFERROR(IF(INDEX(FormData,89,f_Id)&""="","",89),"") | I92: =IF($H92="","",IFERROR(INDEX(FormData,$H92,f_Need)&"",""))
A93: 89 | B93: =IF($H93="","",INDEX(FormData,$H93,f_Id)) | C93: =IF($H93="","",IFERROR(INDEX(FormData,$H93,f_Time),"")) | D93: =IF($H93="","",IFERROR(UPPER(LEFT(TRIM(INDEX(FormData,$H93,f_Name)),1)&IFERROR(MID(TRIM(INDEX(FormData,$H93,f_Name)),FIND("^",SUBSTITUTE(TRIM(INDEX(FormData,$H93,f_Name))," ","^",LEN(TRIM(INDEX(FormData,$H93,f_Name)))-LEN(SUBSTITUTE(TRIM(INDEX(FormData,$H93,f_Name))," ",""))))+1,1),"")),"")) | E93: =IF($H93="","",IFERROR(INDEX(EvID,MATCH(INDEX(FormData,$H93,f_Event),EvID,0)),IFERROR(INDEX(EvID,MATCH(INDEX(FormData,$H93,f_Event),EvName,0)),IFERROR(INDEX(EvID,MATCH(INT($C93),EvDate,0)),"(no event that day)")))) | F93: =IF($H93="","",IFERROR(IF(SUMPRODUCT(MAX((WhoKW<>"")*ISNUMBER(SEARCH(WhoKW,INDEX(FormData,$H93,f_Who)&""))*(ROW(WhoKW)-MIN(ROW(WhoKW))+1)))=0,"",INDEX(WhoVal,SUMPRODUCT(MAX((WhoKW<>"")*ISNUMBER(SEARCH(WhoKW,INDEX(FormData,$H93,f_Who)&""))*(ROW(WhoKW)-MIN(ROW(WhoKW))+1))))),"")) | G93: =IF($H93="","",IF(COUNTIF(People!$U$5:$U$604,$B93)+COUNTIF(People!$U$5:$U$604,$B93&"")>0,"✓ logged","→ add")) | H93: =IFERROR(IF(INDEX(FormData,90,f_Id)&""="","",90),"") | I93: =IF($H93="","",IFERROR(INDEX(FormData,$H93,f_Need)&"",""))
A94: 90 | B94: =IF($H94="","",INDEX(FormData,$H94,f_Id)) | C94: =IF($H94="","",IFERROR(INDEX(FormData,$H94,f_Time),"")) | D94: =IF($H94="","",IFERROR(UPPER(LEFT(TRIM(INDEX(FormData,$H94,f_Name)),1)&IFERROR(MID(TRIM(INDEX(FormData,$H94,f_Name)),FIND("^",SUBSTITUTE(TRIM(INDEX(FormData,$H94,f_Name))," ","^",LEN(TRIM(INDEX(FormData,$H94,f_Name)))-LEN(SUBSTITUTE(TRIM(INDEX(FormData,$H94,f_Name))," ",""))))+1,1),"")),"")) | E94: =IF($H94="","",IFERROR(INDEX(EvID,MATCH(INDEX(FormData,$H94,f_Event),EvID,0)),IFERROR(INDEX(EvID,MATCH(INDEX(FormData,$H94,f_Event),EvName,0)),IFERROR(INDEX(EvID,MATCH(INT($C94),EvDate,0)),"(no event that day)")))) | F94: =IF($H94="","",IFERROR(IF(SUMPRODUCT(MAX((WhoKW<>"")*ISNUMBER(SEARCH(WhoKW,INDEX(FormData,$H94,f_Who)&""))*(ROW(WhoKW)-MIN(ROW(WhoKW))+1)))=0,"",INDEX(WhoVal,SUMPRODUCT(MAX((WhoKW<>"")*ISNUMBER(SEARCH(WhoKW,INDEX(FormData,$H94,f_Who)&""))*(ROW(WhoKW)-MIN(ROW(WhoKW))+1))))),"")) | G94: =IF($H94="","",IF(COUNTIF(People!$U$5:$U$604,$B94)+COUNTIF(People!$U$5:$U$604,$B94&"")>0,"✓ logged","→ add")) | H94: =IFERROR(IF(INDEX(FormData,91,f_Id)&""="","",91),"") | I94: =IF($H94="","",IFERROR(INDEX(FormData,$H94,f_Need)&"",""))
A95: 91 | B95: =IF($H95="","",INDEX(FormData,$H95,f_Id)) | C95: =IF($H95="","",IFERROR(INDEX(FormData,$H95,f_Time),"")) | D95: =IF($H95="","",IFERROR(UPPER(LEFT(TRIM(INDEX(FormData,$H95,f_Name)),1)&IFERROR(MID(TRIM(INDEX(FormData,$H95,f_Name)),FIND("^",SUBSTITUTE(TRIM(INDEX(FormData,$H95,f_Name))," ","^",LEN(TRIM(INDEX(FormData,$H95,f_Name)))-LEN(SUBSTITUTE(TRIM(INDEX(FormData,$H95,f_Name))," ",""))))+1,1),"")),"")) | E95: =IF($H95="","",IFERROR(INDEX(EvID,MATCH(INDEX(FormData,$H95,f_Event),EvID,0)),IFERROR(INDEX(EvID,MATCH(INDEX(FormData,$H95,f_Event),EvName,0)),IFERROR(INDEX(EvID,MATCH(INT($C95),EvDate,0)),"(no event that day)")))) | F95: =IF($H95="","",IFERROR(IF(SUMPRODUCT(MAX((WhoKW<>"")*ISNUMBER(SEARCH(WhoKW,INDEX(FormData,$H95,f_Who)&""))*(ROW(WhoKW)-MIN(ROW(WhoKW))+1)))=0,"",INDEX(WhoVal,SUMPRODUCT(MAX((WhoKW<>"")*ISNUMBER(SEARCH(WhoKW,INDEX(FormData,$H95,f_Who)&""))*(ROW(WhoKW)-MIN(ROW(WhoKW))+1))))),"")) | G95: =IF($H95="","",IF(COUNTIF(People!$U$5:$U$604,$B95)+COUNTIF(People!$U$5:$U$604,$B95&"")>0,"✓ logged","→ add")) | H95: =IFERROR(IF(INDEX(FormData,92,f_Id)&""="","",92),"") | I95: =IF($H95="","",IFERROR(INDEX(FormData,$H95,f_Need)&"",""))
A96: 92 | B96: =IF($H96="","",INDEX(FormData,$H96,f_Id)) | C96: =IF($H96="","",IFERROR(INDEX(FormData,$H96,f_Time),"")) | D96: =IF($H96="","",IFERROR(UPPER(LEFT(TRIM(INDEX(FormData,$H96,f_Name)),1)&IFERROR(MID(TRIM(INDEX(FormData,$H96,f_Name)),FIND("^",SUBSTITUTE(TRIM(INDEX(FormData,$H96,f_Name))," ","^",LEN(TRIM(INDEX(FormData,$H96,f_Name)))-LEN(SUBSTITUTE(TRIM(INDEX(FormData,$H96,f_Name))," ",""))))+1,1),"")),"")) | E96: =IF($H96="","",IFERROR(INDEX(EvID,MATCH(INDEX(FormData,$H96,f_Event),EvID,0)),IFERROR(INDEX(EvID,MATCH(INDEX(FormData,$H96,f_Event),EvName,0)),IFERROR(INDEX(EvID,MATCH(INT($C96),EvDate,0)),"(no event that day)")))) | F96: =IF($H96="","",IFERROR(IF(SUMPRODUCT(MAX((WhoKW<>"")*ISNUMBER(SEARCH(WhoKW,INDEX(FormData,$H96,f_Who)&""))*(ROW(WhoKW)-MIN(ROW(WhoKW))+1)))=0,"",INDEX(WhoVal,SUMPRODUCT(MAX((WhoKW<>"")*ISNUMBER(SEARCH(WhoKW,INDEX(FormData,$H96,f_Who)&""))*(ROW(WhoKW)-MIN(ROW(WhoKW))+1))))),"")) | G96: =IF($H96="","",IF(COUNTIF(People!$U$5:$U$604,$B96)+COUNTIF(People!$U$5:$U$604,$B96&"")>0,"✓ logged","→ add")) | H96: =IFERROR(IF(INDEX(FormData,93,f_Id)&""="","",93),"") | I96: =IF($H96="","",IFERROR(INDEX(FormData,$H96,f_Need)&"",""))
A97: 93 | B97: =IF($H97="","",INDEX(FormData,$H97,f_Id)) | C97: =IF($H97="","",IFERROR(INDEX(FormData,$H97,f_Time),"")) | D97: =IF($H97="","",IFERROR(UPPER(LEFT(TRIM(INDEX(FormData,$H97,f_Name)),1)&IFERROR(MID(TRIM(INDEX(FormData,$H97,f_Name)),FIND("^",SUBSTITUTE(TRIM(INDEX(FormData,$H97,f_Name))," ","^",LEN(TRIM(INDEX(FormData,$H97,f_Name)))-LEN(SUBSTITUTE(TRIM(INDEX(FormData,$H97,f_Name))," ",""))))+1,1),"")),"")) | E97: =IF($H97="","",IFERROR(INDEX(EvID,MATCH(INDEX(FormData,$H97,f_Event),EvID,0)),IFERROR(INDEX(EvID,MATCH(INDEX(FormData,$H97,f_Event),EvName,0)),IFERROR(INDEX(EvID,MATCH(INT($C97),EvDate,0)),"(no event that day)")))) | F97: =IF($H97="","",IFERROR(IF(SUMPRODUCT(MAX((WhoKW<>"")*ISNUMBER(SEARCH(WhoKW,INDEX(FormData,$H97,f_Who)&""))*(ROW(WhoKW)-MIN(ROW(WhoKW))+1)))=0,"",INDEX(WhoVal,SUMPRODUCT(MAX((WhoKW<>"")*ISNUMBER(SEARCH(WhoKW,INDEX(FormData,$H97,f_Who)&""))*(ROW(WhoKW)-MIN(ROW(WhoKW))+1))))),"")) | G97: =IF($H97="","",IF(COUNTIF(People!$U$5:$U$604,$B97)+COUNTIF(People!$U$5:$U$604,$B97&"")>0,"✓ logged","→ add")) | H97: =IFERROR(IF(INDEX(FormData,94,f_Id)&""="","",94),"") | I97: =IF($H97="","",IFERROR(INDEX(FormData,$H97,f_Need)&"",""))
A98: 94 | B98: =IF($H98="","",INDEX(FormData,$H98,f_Id)) | C98: =IF($H98="","",IFERROR(INDEX(FormData,$H98,f_Time),"")) | D98: =IF($H98="","",IFERROR(UPPER(LEFT(TRIM(INDEX(FormData,$H98,f_Name)),1)&IFERROR(MID(TRIM(INDEX(FormData,$H98,f_Name)),FIND("^",SUBSTITUTE(TRIM(INDEX(FormData,$H98,f_Name))," ","^",LEN(TRIM(INDEX(FormData,$H98,f_Name)))-LEN(SUBSTITUTE(TRIM(INDEX(FormData,$H98,f_Name))," ",""))))+1,1),"")),"")) | E98: =IF($H98="","",IFERROR(INDEX(EvID,MATCH(INDEX(FormData,$H98,f_Event),EvID,0)),IFERROR(INDEX(EvID,MATCH(INDEX(FormData,$H98,f_Event),EvName,0)),IFERROR(INDEX(EvID,MATCH(INT($C98),EvDate,0)),"(no event that day)")))) | F98: =IF($H98="","",IFERROR(IF(SUMPRODUCT(MAX((WhoKW<>"")*ISNUMBER(SEARCH(WhoKW,INDEX(FormData,$H98,f_Who)&""))*(ROW(WhoKW)-MIN(ROW(WhoKW))+1)))=0,"",INDEX(WhoVal,SUMPRODUCT(MAX((WhoKW<>"")*ISNUMBER(SEARCH(WhoKW,INDEX(FormData,$H98,f_Who)&""))*(ROW(WhoKW)-MIN(ROW(WhoKW))+1))))),"")) | G98: =IF($H98="","",IF(COUNTIF(People!$U$5:$U$604,$B98)+COUNTIF(People!$U$5:$U$604,$B98&"")>0,"✓ logged","→ add")) | H98: =IFERROR(IF(INDEX(FormData,95,f_Id)&""="","",95),"") | I98: =IF($H98="","",IFERROR(INDEX(FormData,$H98,f_Need)&"",""))
A99: 95 | B99: =IF($H99="","",INDEX(FormData,$H99,f_Id)) | C99: =IF($H99="","",IFERROR(INDEX(FormData,$H99,f_Time),"")) | D99: =IF($H99="","",IFERROR(UPPER(LEFT(TRIM(INDEX(FormData,$H99,f_Name)),1)&IFERROR(MID(TRIM(INDEX(FormData,$H99,f_Name)),FIND("^",SUBSTITUTE(TRIM(INDEX(FormData,$H99,f_Name))," ","^",LEN(TRIM(INDEX(FormData,$H99,f_Name)))-LEN(SUBSTITUTE(TRIM(INDEX(FormData,$H99,f_Name))," ",""))))+1,1),"")),"")) | E99: =IF($H99="","",IFERROR(INDEX(EvID,MATCH(INDEX(FormData,$H99,f_Event),EvID,0)),IFERROR(INDEX(EvID,MATCH(INDEX(FormData,$H99,f_Event),EvName,0)),IFERROR(INDEX(EvID,MATCH(INT($C99),EvDate,0)),"(no event that day)")))) | F99: =IF($H99="","",IFERROR(IF(SUMPRODUCT(MAX((WhoKW<>"")*ISNUMBER(SEARCH(WhoKW,INDEX(FormData,$H99,f_Who)&""))*(ROW(WhoKW)-MIN(ROW(WhoKW))+1)))=0,"",INDEX(WhoVal,SUMPRODUCT(MAX((WhoKW<>"")*ISNUMBER(SEARCH(WhoKW,INDEX(FormData,$H99,f_Who)&""))*(ROW(WhoKW)-MIN(ROW(WhoKW))+1))))),"")) | G99: =IF($H99="","",IF(COUNTIF(People!$U$5:$U$604,$B99)+COUNTIF(People!$U$5:$U$604,$B99&"")>0,"✓ logged","→ add")) | H99: =IFERROR(IF(INDEX(FormData,96,f_Id)&""="","",96),"") | I99: =IF($H99="","",IFERROR(INDEX(FormData,$H99,f_Need)&"",""))
A100: 96 | B100: =IF($H100="","",INDEX(FormData,$H100,f_Id)) | C100: =IF($H100="","",IFERROR(INDEX(FormData,$H100,f_Time),"")) | D100: =IF($H100="","",IFERROR(UPPER(LEFT(TRIM(INDEX(FormData,$H100,f_Name)),1)&IFERROR(MID(TRIM(INDEX(FormData,$H100,f_Name)),FIND("^",SUBSTITUTE(TRIM(INDEX(FormData,$H100,f_Name))," ","^",LEN(TRIM(INDEX(FormData,$H100,f_Name)))-LEN(SUBSTITUTE(TRIM(INDEX(FormData,$H100,f_Name))," ",""))))+1,1),"")),"")) | E100: =IF($H100="","",IFERROR(INDEX(EvID,MATCH(INDEX(FormData,$H100,f_Event),EvID,0)),IFERROR(INDEX(EvID,MATCH(INDEX(FormData,$H100,f_Event),EvName,0)),IFERROR(INDEX(EvID,MATCH(INT($C100),EvDate,0)),"(no event that day)")))) | F100: =IF($H100="","",IFERROR(IF(SUMPRODUCT(MAX((WhoKW<>"")*ISNUMBER(SEARCH(WhoKW,INDEX(FormData,$H100,f_Who)&""))*(ROW(WhoKW)-MIN(ROW(WhoKW))+1)))=0,"",INDEX(WhoVal,SUMPRODUCT(MAX((WhoKW<>"")*ISNUMBER(SEARCH(WhoKW,INDEX(FormData,$H100,f_Who)&""))*(ROW(WhoKW)-MIN(ROW(WhoKW))+1))))),"")) | G100: =IF($H100="","",IF(COUNTIF(People!$U$5:$U$604,$B100)+COUNTIF(People!$U$5:$U$604,$B100&"")>0,"✓ logged","→ add")) | H100: =IFERROR(IF(INDEX(FormData,97,f_Id)&""="","",97),"") | I100: =IF($H100="","",IFERROR(INDEX(FormData,$H100,f_Need)&"",""))
...

Sheet Follow-Ups
A1: Follow-Ups
A2: Everyone still owed a call, soonest first. Fills itself from People — tick Follow-Up Needed there, add a due date, and enter the date when it's done.
A3: Overdue | B3: =COUNTIF(People!$S$5:$S$604,"Overdue") | C3: Due soon | D3: =COUNTIF(People!$S$5:$S$604,"Due soon") | E3: All open | F3: =COUNT(People!$Y$5:$Y$604)
A4: Edit on People, not here. Find the person with their Participant #.
A6: Due | B6: Status | C6: Participant # | D6: Initials | E6: Event | F6: Contact Type | G6: Main Need | H6: Stage | I6: Latest notes | J6: _key | K6: _row
A7: =IF($K7="","",IF(INDEX(People!$Q:$Q,$K7)="","no date",INDEX(People!$Q:$Q,$K7))) | B7: =IF($K7="","",INDEX(People!$S:$S,$K7)) | C7: =IF($K7="","",INDEX(People!$A:$A,$K7)&"") | D7: =IF($K7="","",INDEX(People!$D:$D,$K7)&"") | E7: =IF($K7="","",INDEX(People!$B:$B,$K7)&"") | F7: =IF($K7="","",INDEX(People!$E:$E,$K7)&"") | G7: =IF($K7="","",INDEX(People!$L:$L,$K7)&"") | H7: =IF($K7="","",INDEX(People!$M:$M,$K7)&"") | I7: =IF($K7="","",INDEX(People!$N:$N,$K7)&"") | J7: =IFERROR(SMALL(People!$Y$5:$Y$604,1),"") | K7: =IF($J7="","",ROUND(MOD($J7,1)*100000,0))
A8: =IF($K8="","",IF(INDEX(People!$Q:$Q,$K8)="","no date",INDEX(People!$Q:$Q,$K8))) | B8: =IF($K8="","",INDEX(People!$S:$S,$K8)) | C8: =IF($K8="","",INDEX(People!$A:$A,$K8)&"") | D8: =IF($K8="","",INDEX(People!$D:$D,$K8)&"") | E8: =IF($K8="","",INDEX(People!$B:$B,$K8)&"") | F8: =IF($K8="","",INDEX(People!$E:$E,$K8)&"") | G8: =IF($K8="","",INDEX(People!$L:$L,$K8)&"") | H8: =IF($K8="","",INDEX(People!$M:$M,$K8)&"") | I8: =IF($K8="","",INDEX(People!$N:$N,$K8)&"") | J8: =IFERROR(SMALL(People!$Y$5:$Y$604,2),"") | K8: =IF($J8="","",ROUND(MOD($J8,1)*100000,0))
A9: =IF($K9="","",IF(INDEX(People!$Q:$Q,$K9)="","no date",INDEX(People!$Q:$Q,$K9))) | B9: =IF($K9="","",INDEX(People!$S:$S,$K9)) | C9: =IF($K9="","",INDEX(People!$A:$A,$K9)&"") | D9: =IF($K9="","",INDEX(People!$D:$D,$K9)&"") | E9: =IF($K9="","",INDEX(People!$B:$B,$K9)&"") | F9: =IF($K9="","",INDEX(People!$E:$E,$K9)&"") | G9: =IF($K9="","",INDEX(People!$L:$L,$K9)&"") | H9: =IF($K9="","",INDEX(People!$M:$M,$K9)&"") | I9: =IF($K9="","",INDEX(People!$N:$N,$K9)&"") | J9: =IFERROR(SMALL(People!$Y$5:$Y$604,3),"") | K9: =IF($J9="","",ROUND(MOD($J9,1)*100000,0))
A10: =IF($K10="","",IF(INDEX(People!$Q:$Q,$K10)="","no date",INDEX(People!$Q:$Q,$K10))) | B10: =IF($K10="","",INDEX(People!$S:$S,$K10)) | C10: =IF($K10="","",INDEX(People!$A:$A,$K10)&"") | D10: =IF($K10="","",INDEX(People!$D:$D,$K10)&"") | E10: =IF($K10="","",INDEX(People!$B:$B,$K10)&"") | F10: =IF($K10="","",INDEX(People!$E:$E,$K10)&"") | G10: =IF($K10="","",INDEX(People!$L:$L,$K10)&"") | H10: =IF($K10="","",INDEX(People!$M:$M,$K10)&"") | I10: =IF($K10="","",INDEX(People!$N:$N,$K10)&"") | J10: =IFERROR(SMALL(People!$Y$5:$Y$604,4),"") | K10: =IF($J10="","",ROUND(MOD($J10,1)*100000,0))
A11: =IF($K11="","",IF(INDEX(People!$Q:$Q,$K11)="","no date",INDEX(People!$Q:$Q,$K11))) | B11: =IF($K11="","",INDEX(People!$S:$S,$K11)) | C11: =IF($K11="","",INDEX(People!$A:$A,$K11)&"") | D11: =IF($K11="","",INDEX(People!$D:$D,$K11)&"") | E11: =IF($K11="","",INDEX(People!$B:$B,$K11)&"") | F11: =IF($K11="","",INDEX(People!$E:$E,$K11)&"") | G11: =IF($K11="","",INDEX(People!$L:$L,$K11)&"") | H11: =IF($K11="","",INDEX(People!$M:$M,$K11)&"") | I11: =IF($K11="","",INDEX(People!$N:$N,$K11)&"") | J11: =IFERROR(SMALL(People!$Y$5:$Y$604,5),"") | K11: =IF($J11="","",ROUND(MOD($J11,1)*100000,0))
A12: =IF($K12="","",IF(INDEX(People!$Q:$Q,$K12)="","no date",INDEX(People!$Q:$Q,$K12))) | B12: =IF($K12="","",INDEX(People!$S:$S,$K12)) | C12: =IF($K12="","",INDEX(People!$A:$A,$K12)&"") | D12: =IF($K12="","",INDEX(People!$D:$D,$K12)&"") | E12: =IF($K12="","",INDEX(People!$B:$B,$K12)&"") | F12: =IF($K12="","",INDEX(People!$E:$E,$K12)&"") | G12: =IF($K12="","",INDEX(People!$L:$L,$K12)&"") | H12: =IF($K12="","",INDEX(People!$M:$M,$K12)&"") | I12: =IF($K12="","",INDEX(People!$N:$N,$K12)&"") | J12: =IFERROR(SMALL(People!$Y$5:$Y$604,6),"") | K12: =IF($J12="","",ROUND(MOD($J12,1)*100000,0))
A13: =IF($K13="","",IF(INDEX(People!$Q:$Q,$K13)="","no date",INDEX(People!$Q:$Q,$K13))) | B13: =IF($K13="","",INDEX(People!$S:$S,$K13)) | C13: =IF($K13="","",INDEX(People!$A:$A,$K13)&"") | D13: =IF($K13="","",INDEX(People!$D:$D,$K13)&"") | E13: =IF($K13="","",INDEX(People!$B:$B,$K13)&"") | F13: =IF($K13="","",INDEX(People!$E:$E,$K13)&"") | G13: =IF($K13="","",INDEX(People!$L:$L,$K13)&"") | H13: =IF($K13="","",INDEX(People!$M:$M,$K13)&"") | I13: =IF($K13="","",INDEX(People!$N:$N,$K13)&"") | J13: =IFERROR(SMALL(People!$Y$5:$Y$604,7),"") | K13: =IF($J13="","",ROUND(MOD($J13,1)*100000,0))
A14: =IF($K14="","",IF(INDEX(People!$Q:$Q,$K14)="","no date",INDEX(People!$Q:$Q,$K14))) | B14: =IF($K14="","",INDEX(People!$S:$S,$K14)) | C14: =IF($K14="","",INDEX(People!$A:$A,$K14)&"") | D14: =IF($K14="","",INDEX(People!$D:$D,$K14)&"") | E14: =IF($K14="","",INDEX(People!$B:$B,$K14)&"") | F14: =IF($K14="","",INDEX(People!$E:$E,$K14)&"") | G14: =IF($K14="","",INDEX(People!$L:$L,$K14)&"") | H14: =IF($K14="","",INDEX(People!$M:$M,$K14)&"") | I14: =IF($K14="","",INDEX(People!$N:$N,$K14)&"") | J14: =IFERROR(SMALL(People!$Y$5:$Y$604,8),"") | K14: =IF($J14="","",ROUND(MOD($J14,1)*100000,0))
A15: =IF($K15="","",IF(INDEX(People!$Q:$Q,$K15)="","no date",INDEX(People!$Q:$Q,$K15))) | B15: =IF($K15="","",INDEX(People!$S:$S,$K15)) | C15: =IF($K15="","",INDEX(People!$A:$A,$K15)&"") | D15: =IF($K15="","",INDEX(People!$D:$D,$K15)&"") | E15: =IF($K15="","",INDEX(People!$B:$B,$K15)&"") | F15: =IF($K15="","",INDEX(People!$E:$E,$K15)&"") | G15: =IF($K15="","",INDEX(People!$L:$L,$K15)&"") | H15: =IF($K15="","",INDEX(People!$M:$M,$K15)&"") | I15: =IF($K15="","",INDEX(People!$N:$N,$K15)&"") | J15: =IFERROR(SMALL(People!$Y$5:$Y$604,9),"") | K15: =IF($J15="","",ROUND(MOD($J15,1)*100000,0))
A16: =IF($K16="","",IF(INDEX(People!$Q:$Q,$K16)="","no date",INDEX(People!$Q:$Q,$K16))) | B16: =IF($K16="","",INDEX(People!$S:$S,$K16)) | C16: =IF($K16="","",INDEX(People!$A:$A,$K16)&"") | D16: =IF($K16="","",INDEX(People!$D:$D,$K16)&"") | E16: =IF($K16="","",INDEX(People!$B:$B,$K16)&"") | F16: =IF($K16="","",INDEX(People!$E:$E,$K16)&"") | G16: =IF($K16="","",INDEX(People!$L:$L,$K16)&"") | H16: =IF($K16="","",INDEX(People!$M:$M,$K16)&"") | I16: =IF($K16="","",INDEX(People!$N:$N,$K16)&"") | J16: =IFERROR(SMALL(People!$Y$5:$Y$604,10),"") | K16: =IF($J16="","",ROUND(MOD($J16,1)*100000,0))
A17: =IF($K17="","",IF(INDEX(People!$Q:$Q,$K17)="","no date",INDEX(People!$Q:$Q,$K17))) | B17: =IF($K17="","",INDEX(People!$S:$S,$K17)) | C17: =IF($K17="","",INDEX(People!$A:$A,$K17)&"") | D17: =IF($K17="","",INDEX(People!$D:$D,$K17)&"") | E17: =IF($K17="","",INDEX(People!$B:$B,$K17)&"") | F17: =IF($K17="","",INDEX(People!$E:$E,$K17)&"") | G17: =IF($K17="","",INDEX(People!$L:$L,$K17)&"") | H17: =IF($K17="","",INDEX(People!$M:$M,$K17)&"") | I17: =IF($K17="","",INDEX(People!$N:$N,$K17)&"") | J17: =IFERROR(SMALL(People!$Y$5:$Y$604,11),"") | K17: =IF($J17="","",ROUND(MOD($J17,1)*100000,0))
A18: =IF($K18="","",IF(INDEX(People!$Q:$Q,$K18)="","no date",INDEX(People!$Q:$Q,$K18))) | B18: =IF($K18="","",INDEX(People!$S:$S,$K18)) | C18: =IF($K18="","",INDEX(People!$A:$A,$K18)&"") | D18: =IF($K18="","",INDEX(People!$D:$D,$K18)&"") | E18: =IF($K18="","",INDEX(People!$B:$B,$K18)&"") | F18: =IF($K18="","",INDEX(People!$E:$E,$K18)&"") | G18: =IF($K18="","",INDEX(People!$L:$L,$K18)&"") | H18: =IF($K18="","",INDEX(People!$M:$M,$K18)&"") | I18: =IF($K18="","",INDEX(People!$N:$N,$K18)&"") | J18: =IFERROR(SMALL(People!$Y$5:$Y$604,12),"") | K18: =IF($J18="","",ROUND(MOD($J18,1)*100000,0))
A19: =IF($K19="","",IF(INDEX(People!$Q:$Q,$K19)="","no date",INDEX(People!$Q:$Q,$K19))) | B19: =IF($K19="","",INDEX(People!$S:$S,$K19)) | C19: =IF($K19="","",INDEX(People!$A:$A,$K19)&"") | D19: =IF($K19="","",INDEX(People!$D:$D,$K19)&"") | E19: =IF($K19="","",INDEX(People!$B:$B,$K19)&"") | F19: =IF($K19="","",INDEX(People!$E:$E,$K19)&"") | G19: =IF($K19="","",INDEX(People!$L:$L,$K19)&"") | H19: =IF($K19="","",INDEX(People!$M:$M,$K19)&"") | I19: =IF($K19="","",INDEX(People!$N:$N,$K19)&"") | J19: =IFERROR(SMALL(People!$Y$5:$Y$604,13),"") | K19: =IF($J19="","",ROUND(MOD($J19,1)*100000,0))
A20: =IF($K20="","",IF(INDEX(People!$Q:$Q,$K20)="","no date",INDEX(People!$Q:$Q,$K20))) | B20: =IF($K20="","",INDEX(People!$S:$S,$K20)) | C20: =IF($K20="","",INDEX(People!$A:$A,$K20)&"") | D20: =IF($K20="","",INDEX(People!$D:$D,$K20)&"") | E20: =IF($K20="","",INDEX(People!$B:$B,$K20)&"") | F20: =IF($K20="","",INDEX(People!$E:$E,$K20)&"") | G20: =IF($K20="","",INDEX(People!$L:$L,$K20)&"") | H20: =IF($K20="","",INDEX(People!$M:$M,$K20)&"") | I20: =IF($K20="","",INDEX(People!$N:$N,$K20)&"") | J20: =IFERROR(SMALL(People!$Y$5:$Y$604,14),"") | K20: =IF($J20="","",ROUND(MOD($J20,1)*100000,0))
A21: =IF($K21="","",IF(INDEX(People!$Q:$Q,$K21)="","no date",INDEX(People!$Q:$Q,$K21))) | B21: =IF($K21="","",INDEX(People!$S:$S,$K21)) | C21: =IF($K21="","",INDEX(People!$A:$A,$K21)&"") | D21: =IF($K21="","",INDEX(People!$D:$D,$K21)&"") | E21: =IF($K21="","",INDEX(People!$B:$B,$K21)&"") | F21: =IF($K21="","",INDEX(People!$E:$E,$K21)&"") | G21: =IF($K21="","",INDEX(People!$L:$L,$K21)&"") | H21: =IF($K21="","",INDEX(People!$M:$M,$K21)&"") | I21: =IF($K21="","",INDEX(People!$N:$N,$K21)&"") | J21: =IFERROR(SMALL(People!$Y$5:$Y$604,15),"") | K21: =IF($J21="","",ROUND(MOD($J21,1)*100000,0))
A22: =IF($K22="","",IF(INDEX(People!$Q:$Q,$K22)="","no date",INDEX(People!$Q:$Q,$K22))) | B22: =IF($K22="","",INDEX(People!$S:$S,$K22)) | C22: =IF($K22="","",INDEX(People!$A:$A,$K22)&"") | D22: =IF($K22="","",INDEX(People!$D:$D,$K22)&"") | E22: =IF($K22="","",INDEX(People!$B:$B,$K22)&"") | F22: =IF($K22="","",INDEX(People!$E:$E,$K22)&"") | G22: =IF($K22="","",INDEX(People!$L:$L,$K22)&"") | H22: =IF($K22="","",INDEX(People!$M:$M,$K22)&"") | I22: =IF($K22="","",INDEX(People!$N:$N,$K22)&"") | J22: =IFERROR(SMALL(People!$Y$5:$Y$604,16),"") | K22: =IF($J22="","",ROUND(MOD($J22,1)*100000,0))
A23: =IF($K23="","",IF(INDEX(People!$Q:$Q,$K23)="","no date",INDEX(People!$Q:$Q,$K23))) | B23: =IF($K23="","",INDEX(People!$S:$S,$K23)) | C23: =IF($K23="","",INDEX(People!$A:$A,$K23)&"") | D23: =IF($K23="","",INDEX(People!$D:$D,$K23)&"") | E23: =IF($K23="","",INDEX(People!$B:$B,$K23)&"") | F23: =IF($K23="","",INDEX(People!$E:$E,$K23)&"") | G23: =IF($K23="","",INDEX(People!$L:$L,$K23)&"") | H23: =IF($K23="","",INDEX(People!$M:$M,$K23)&"") | I23: =IF($K23="","",INDEX(People!$N:$N,$K23)&"") | J23: =IFERROR(SMALL(People!$Y$5:$Y$604,17),"") | K23: =IF($J23="","",ROUND(MOD($J23,1)*100000,0))
A24: =IF($K24="","",IF(INDEX(People!$Q:$Q,$K24)="","no date",INDEX(People!$Q:$Q,$K24))) | B24: =IF($K24="","",INDEX(People!$S:$S,$K24)) | C24: =IF($K24="","",INDEX(People!$A:$A,$K24)&"") | D24: =IF($K24="","",INDEX(People!$D:$D,$K24)&"") | E24: =IF($K24="","",INDEX(People!$B:$B,$K24)&"") | F24: =IF($K24="","",INDEX(People!$E:$E,$K24)&"") | G24: =IF($K24="","",INDEX(People!$L:$L,$K24)&"") | H24: =IF($K24="","",INDEX(People!$M:$M,$K24)&"") | I24: =IF($K24="","",INDEX(People!$N:$N,$K24)&"") | J24: =IFERROR(SMALL(People!$Y$5:$Y$604,18),"") | K24: =IF($J24="","",ROUND(MOD($J24,1)*100000,0))
A25: =IF($K25="","",IF(INDEX(People!$Q:$Q,$K25)="","no date",INDEX(People!$Q:$Q,$K25))) | B25: =IF($K25="","",INDEX(People!$S:$S,$K25)) | C25: =IF($K25="","",INDEX(People!$A:$A,$K25)&"") | D25: =IF($K25="","",INDEX(People!$D:$D,$K25)&"") | E25: =IF($K25="","",INDEX(People!$B:$B,$K25)&"") | F25: =IF($K25="","",INDEX(People!$E:$E,$K25)&"") | G25: =IF($K25="","",INDEX(People!$L:$L,$K25)&"") | H25: =IF($K25="","",INDEX(People!$M:$M,$K25)&"") | I25: =IF($K25="","",INDEX(People!$N:$N,$K25)&"") | J25: =IFERROR(SMALL(People!$Y$5:$Y$604,19),"") | K25: =IF($J25="","",ROUND(MOD($J25,1)*100000,0))
A26: =IF($K26="","",IF(INDEX(People!$Q:$Q,$K26)="","no date",INDEX(People!$Q:$Q,$K26))) | B26: =IF($K26="","",INDEX(People!$S:$S,$K26)) | C26: =IF($K26="","",INDEX(People!$A:$A,$K26)&"") | D26: =IF($K26="","",INDEX(People!$D:$D,$K26)&"") | E26: =IF($K26="","",INDEX(People!$B:$B,$K26)&"") | F26: =IF($K26="","",INDEX(People!$E:$E,$K26)&"") | G26: =IF($K26="","",INDEX(People!$L:$L,$K26)&"") | H26: =IF($K26="","",INDEX(People!$M:$M,$K26)&"") | I26: =IF($K26="","",INDEX(People!$N:$N,$K26)&"") | J26: =IFERROR(SMALL(People!$Y$5:$Y$604,20),"") | K26: =IF($J26="","",ROUND(MOD($J26,1)*100000,0))
A27: =IF($K27="","",IF(INDEX(People!$Q:$Q,$K27)="","no date",INDEX(People!$Q:$Q,$K27))) | B27: =IF($K27="","",INDEX(People!$S:$S,$K27)) | C27: =IF($K27="","",INDEX(People!$A:$A,$K27)&"") | D27: =IF($K27="","",INDEX(People!$D:$D,$K27)&"") | E27: =IF($K27="","",INDEX(People!$B:$B,$K27)&"") | F27: =IF($K27="","",INDEX(People!$E:$E,$K27)&"") | G27: =IF($K27="","",INDEX(People!$L:$L,$K27)&"") | H27: =IF($K27="","",INDEX(People!$M:$M,$K27)&"") | I27: =IF($K27="","",INDEX(People!$N:$N,$K27)&"") | J27: =IFERROR(SMALL(People!$Y$5:$Y$604,21),"") | K27: =IF($J27="","",ROUND(MOD($J27,1)*100000,0))
A28: =IF($K28="","",IF(INDEX(People!$Q:$Q,$K28)="","no date",INDEX(People!$Q:$Q,$K28))) | B28: =IF($K28="","",INDEX(People!$S:$S,$K28)) | C28: =IF($K28="","",INDEX(People!$A:$A,$K28)&"") | D28: =IF($K28="","",INDEX(People!$D:$D,$K28)&"") | E28: =IF($K28="","",INDEX(People!$B:$B,$K28)&"") | F28: =IF($K28="","",INDEX(People!$E:$E,$K28)&"") | G28: =IF($K28="","",INDEX(People!$L:$L,$K28)&"") | H28: =IF($K28="","",INDEX(People!$M:$M,$K28)&"") | I28: =IF($K28="","",INDEX(People!$N:$N,$K28)&"") | J28: =IFERROR(SMALL(People!$Y$5:$Y$604,22),"") | K28: =IF($J28="","",ROUND(MOD($J28,1)*100000,0))
A29: =IF($K29="","",IF(INDEX(People!$Q:$Q,$K29)="","no date",INDEX(People!$Q:$Q,$K29))) | B29: =IF($K29="","",INDEX(People!$S:$S,$K29)) | C29: =IF($K29="","",INDEX(People!$A:$A,$K29)&"") | D29: =IF($K29="","",INDEX(People!$D:$D,$K29)&"") | E29: =IF($K29="","",INDEX(People!$B:$B,$K29)&"") | F29: =IF($K29="","",INDEX(People!$E:$E,$K29)&"") | G29: =IF($K29="","",INDEX(People!$L:$L,$K29)&"") | H29: =IF($K29="","",INDEX(People!$M:$M,$K29)&"") | I29: =IF($K29="","",INDEX(People!$N:$N,$K29)&"") | J29: =IFERROR(SMALL(People!$Y$5:$Y$604,23),"") | K29: =IF($J29="","",ROUND(MOD($J29,1)*100000,0))
A30: =IF($K30="","",IF(INDEX(People!$Q:$Q,$K30)="","no date",INDEX(People!$Q:$Q,$K30))) | B30: =IF($K30="","",INDEX(People!$S:$S,$K30)) | C30: =IF($K30="","",INDEX(People!$A:$A,$K30)&"") | D30: =IF($K30="","",INDEX(People!$D:$D,$K30)&"") | E30: =IF($K30="","",INDEX(People!$B:$B,$K30)&"") | F30: =IF($K30="","",INDEX(People!$E:$E,$K30)&"") | G30: =IF($K30="","",INDEX(People!$L:$L,$K30)&"") | H30: =IF($K30="","",INDEX(People!$M:$M,$K30)&"") | I30: =IF($K30="","",INDEX(People!$N:$N,$K30)&"") | J30: =IFERROR(SMALL(People!$Y$5:$Y$604,24),"") | K30: =IF($J30="","",ROUND(MOD($J30,1)*100000,0))
A31: =IF($K31="","",IF(INDEX(People!$Q:$Q,$K31)="","no date",INDEX(People!$Q:$Q,$K31))) | B31: =IF($K31="","",INDEX(People!$S:$S,$K31)) | C31: =IF($K31="","",INDEX(People!$A:$A,$K31)&"") | D31: =IF($K31="","",INDEX(People!$D:$D,$K31)&"") | E31: =IF($K31="","",INDEX(People!$B:$B,$K31)&"") | F31: =IF($K31="","",INDEX(People!$E:$E,$K31)&"") | G31: =IF($K31="","",INDEX(People!$L:$L,$K31)&"") | H31: =IF($K31="","",INDEX(People!$M:$M,$K31)&"") | I31: =IF($K31="","",INDEX(People!$N:$N,$K31)&"") | J31: =IFERROR(SMALL(People!$Y$5:$Y$604,25),"") | K31: =IF($J31="","",ROUND(MOD($J31,1)*100000,0))
A32: =IF($K32="","",IF(INDEX(People!$Q:$Q,$K32)="","no date",INDEX(People!$Q:$Q,$K32))) | B32: =IF($K32="","",INDEX(People!$S:$S,$K32)) | C32: =IF($K32="","",INDEX(People!$A:$A,$K32)&"") | D32: =IF($K32="","",INDEX(People!$D:$D,$K32)&"") | E32: =IF($K32="","",INDEX(People!$B:$B,$K32)&"") | F32: =IF($K32="","",INDEX(People!$E:$E,$K32)&"") | G32: =IF($K32="","",INDEX(People!$L:$L,$K32)&"") | H32: =IF($K32="","",INDEX(People!$M:$M,$K32)&"") | I32: =IF($K32="","",INDEX(People!$N:$N,$K32)&"") | J32: =IFERROR(SMALL(People!$Y$5:$Y$604,26),"") | K32: =IF($J32="","",ROUND(MOD($J32,1)*100000,0))
A33: =IF($K33="","",IF(INDEX(People!$Q:$Q,$K33)="","no date",INDEX(People!$Q:$Q,$K33))) | B33: =IF($K33="","",INDEX(People!$S:$S,$K33)) | C33: =IF($K33="","",INDEX(People!$A:$A,$K33)&"") | D33: =IF($K33="","",INDEX(People!$D:$D,$K33)&"") | E33: =IF($K33="","",INDEX(People!$B:$B,$K33)&"") | F33: =IF($K33="","",INDEX(People!$E:$E,$K33)&"") | G33: =IF($K33="","",INDEX(People!$L:$L,$K33)&"") | H33: =IF($K33="","",INDEX(People!$M:$M,$K33)&"") | I33: =IF($K33="","",INDEX(People!$N:$N,$K33)&"") | J33: =IFERROR(SMALL(People!$Y$5:$Y$604,27),"") | K33: =IF($J33="","",ROUND(MOD($J33,1)*100000,0))
A34: =IF($K34="","",IF(INDEX(People!$Q:$Q,$K34)="","no date",INDEX(People!$Q:$Q,$K34))) | B34: =IF($K34="","",INDEX(People!$S:$S,$K34)) | C34: =IF($K34="","",INDEX(People!$A:$A,$K34)&"") | D34: =IF($K34="","",INDEX(People!$D:$D,$K34)&"") | E34: =IF($K34="","",INDEX(People!$B:$B,$K34)&"") | F34: =IF($K34="","",INDEX(People!$E:$E,$K34)&"") | G34: =IF($K34="","",INDEX(People!$L:$L,$K34)&"") | H34: =IF($K34="","",INDEX(People!$M:$M,$K34)&"") | I34: =IF($K34="","",INDEX(People!$N:$N,$K34)&"") | J34: =IFERROR(SMALL(People!$Y$5:$Y$604,28),"") | K34: =IF($J34="","",ROUND(MOD($J34,1)*100000,0))
A35: =IF($K35="","",IF(INDEX(People!$Q:$Q,$K35)="","no date",INDEX(People!$Q:$Q,$K35))) | B35: =IF($K35="","",INDEX(People!$S:$S,$K35)) | C35: =IF($K35="","",INDEX(People!$A:$A,$K35)&"") | D35: =IF($K35="","",INDEX(People!$D:$D,$K35)&"") | E35: =IF($K35="","",INDEX(People!$B:$B,$K35)&"") | F35: =IF($K35="","",INDEX(People!$E:$E,$K35)&"") | G35: =IF($K35="","",INDEX(People!$L:$L,$K35)&"") | H35: =IF($K35="","",INDEX(People!$M:$M,$K35)&"") | I35: =IF($K35="","",INDEX(People!$N:$N,$K35)&"") | J35: =IFERROR(SMALL(People!$Y$5:$Y$604,29),"") | K35: =IF($J35="","",ROUND(MOD($J35,1)*100000,0))
A36: =IF($K36="","",IF(INDEX(People!$Q:$Q,$K36)="","no date",INDEX(People!$Q:$Q,$K36))) | B36: =IF($K36="","",INDEX(People!$S:$S,$K36)) | C36: =IF($K36="","",INDEX(People!$A:$A,$K36)&"") | D36: =IF($K36="","",INDEX(People!$D:$D,$K36)&"") | E36: =IF($K36="","",INDEX(People!$B:$B,$K36)&"") | F36: =IF($K36="","",INDEX(People!$E:$E,$K36)&"") | G36: =IF($K36="","",INDEX(People!$L:$L,$K36)&"") | H36: =IF($K36="","",INDEX(People!$M:$M,$K36)&"") | I36: =IF($K36="","",INDEX(People!$N:$N,$K36)&"") | J36: =IFERROR(SMALL(People!$Y$5:$Y$604,30),"") | K36: =IF($J36="","",ROUND(MOD($J36,1)*100000,0))
A37: =IF($K37="","",IF(INDEX(People!$Q:$Q,$K37)="","no date",INDEX(People!$Q:$Q,$K37))) | B37: =IF($K37="","",INDEX(People!$S:$S,$K37)) | C37: =IF($K37="","",INDEX(People!$A:$A,$K37)&"") | D37: =IF($K37="","",INDEX(People!$D:$D,$K37)&"") | E37: =IF($K37="","",INDEX(People!$B:$B,$K37)&"") | F37: =IF($K37="","",INDEX(People!$E:$E,$K37)&"") | G37: =IF($K37="","",INDEX(People!$L:$L,$K37)&"") | H37: =IF($K37="","",INDEX(People!$M:$M,$K37)&"") | I37: =IF($K37="","",INDEX(People!$N:$N,$K37)&"") | J37: =IFERROR(SMALL(People!$Y$5:$Y$604,31),"") | K37: =IF($J37="","",ROUND(MOD($J37,1)*100000,0))
A38: =IF($K38="","",IF(INDEX(People!$Q:$Q,$K38)="","no date",INDEX(People!$Q:$Q,$K38))) | B38: =IF($K38="","",INDEX(People!$S:$S,$K38)) | C38: =IF($K38="","",INDEX(People!$A:$A,$K38)&"") | D38: =IF($K38="","",INDEX(People!$D:$D,$K38)&"") | E38: =IF($K38="","",INDEX(People!$B:$B,$K38)&"") | F38: =IF($K38="","",INDEX(People!$E:$E,$K38)&"") | G38: =IF($K38="","",INDEX(People!$L:$L,$K38)&"") | H38: =IF($K38="","",INDEX(People!$M:$M,$K38)&"") | I38: =IF($K38="","",INDEX(People!$N:$N,$K38)&"") | J38: =IFERROR(SMALL(People!$Y$5:$Y$604,32),"") | K38: =IF($J38="","",ROUND(MOD($J38,1)*100000,0))
A39: =IF($K39="","",IF(INDEX(People!$Q:$Q,$K39)="","no date",INDEX(People!$Q:$Q,$K39))) | B39: =IF($K39="","",INDEX(People!$S:$S,$K39)) | C39: =IF($K39="","",INDEX(People!$A:$A,$K39)&"") | D39: =IF($K39="","",INDEX(People!$D:$D,$K39)&"") | E39: =IF($K39="","",INDEX(People!$B:$B,$K39)&"") | F39: =IF($K39="","",INDEX(People!$E:$E,$K39)&"") | G39: =IF($K39="","",INDEX(People!$L:$L,$K39)&"") | H39: =IF($K39="","",INDEX(People!$M:$M,$K39)&"") | I39: =IF($K39="","",INDEX(People!$N:$N,$K39)&"") | J39: =IFERROR(SMALL(People!$Y$5:$Y$604,33),"") | K39: =IF($J39="","",ROUND(MOD($J39,1)*100000,0))
A40: =IF($K40="","",IF(INDEX(People!$Q:$Q,$K40)="","no date",INDEX(People!$Q:$Q,$K40))) | B40: =IF($K40="","",INDEX(People!$S:$S,$K40)) | C40: =IF($K40="","",INDEX(People!$A:$A,$K40)&"") | D40: =IF($K40="","",INDEX(People!$D:$D,$K40)&"") | E40: =IF($K40="","",INDEX(People!$B:$B,$K40)&"") | F40: =IF($K40="","",INDEX(People!$E:$E,$K40)&"") | G40: =IF($K40="","",INDEX(People!$L:$L,$K40)&"") | H40: =IF($K40="","",INDEX(People!$M:$M,$K40)&"") | I40: =IF($K40="","",INDEX(People!$N:$N,$K40)&"") | J40: =IFERROR(SMALL(People!$Y$5:$Y$604,34),"") | K40: =IF($J40="","",ROUND(MOD($J40,1)*100000,0))
A41: =IF($K41="","",IF(INDEX(People!$Q:$Q,$K41)="","no date",INDEX(People!$Q:$Q,$K41))) | B41: =IF($K41="","",INDEX(People!$S:$S,$K41)) | C41: =IF($K41="","",INDEX(People!$A:$A,$K41)&"") | D41: =IF($K41="","",INDEX(People!$D:$D,$K41)&"") | E41: =IF($K41="","",INDEX(People!$B:$B,$K41)&"") | F41: =IF($K41="","",INDEX(People!$E:$E,$K41)&"") | G41: =IF($K41="","",INDEX(People!$L:$L,$K41)&"") | H41: =IF($K41="","",INDEX(People!$M:$M,$K41)&"") | I41: =IF($K41="","",INDEX(People!$N:$N,$K41)&"") | J41: =IFERROR(SMALL(People!$Y$5:$Y$604,35),"") | K41: =IF($J41="","",ROUND(MOD($J41,1)*100000,0))
A42: =IF($K42="","",IF(INDEX(People!$Q:$Q,$K42)="","no date",INDEX(People!$Q:$Q,$K42))) | B42: =IF($K42="","",INDEX(People!$S:$S,$K42)) | C42: =IF($K42="","",INDEX(People!$A:$A,$K42)&"") | D42: =IF($K42="","",INDEX(People!$D:$D,$K42)&"") | E42: =IF($K42="","",INDEX(People!$B:$B,$K42)&"") | F42: =IF($K42="","",INDEX(People!$E:$E,$K42)&"") | G42: =IF($K42="","",INDEX(People!$L:$L,$K42)&"") | H42: =IF($K42="","",INDEX(People!$M:$M,$K42)&"") | I42: =IF($K42="","",INDEX(People!$N:$N,$K42)&"") | J42: =IFERROR(SMALL(People!$Y$5:$Y$604,36),"") | K42: =IF($J42="","",ROUND(MOD($J42,1)*100000,0))
A43: =IF($K43="","",IF(INDEX(People!$Q:$Q,$K43)="","no date",INDEX(People!$Q:$Q,$K43))) | B43: =IF($K43="","",INDEX(People!$S:$S,$K43)) | C43: =IF($K43="","",INDEX(People!$A:$A,$K43)&"") | D43: =IF($K43="","",INDEX(People!$D:$D,$K43)&"") | E43: =IF($K43="","",INDEX(People!$B:$B,$K43)&"") | F43: =IF($K43="","",INDEX(People!$E:$E,$K43)&"") | G43: =IF($K43="","",INDEX(People!$L:$L,$K43)&"") | H43: =IF($K43="","",INDEX(People!$M:$M,$K43)&"") | I43: =IF($K43="","",INDEX(People!$N:$N,$K43)&"") | J43: =IFERROR(SMALL(People!$Y$5:$Y$604,37),"") | K43: =IF($J43="","",ROUND(MOD($J43,1)*100000,0))
A44: =IF($K44="","",IF(INDEX(People!$Q:$Q,$K44)="","no date",INDEX(People!$Q:$Q,$K44))) | B44: =IF($K44="","",INDEX(People!$S:$S,$K44)) | C44: =IF($K44="","",INDEX(People!$A:$A,$K44)&"") | D44: =IF($K44="","",INDEX(People!$D:$D,$K44)&"") | E44: =IF($K44="","",INDEX(People!$B:$B,$K44)&"") | F44: =IF($K44="","",INDEX(People!$E:$E,$K44)&"") | G44: =IF($K44="","",INDEX(People!$L:$L,$K44)&"") | H44: =IF($K44="","",INDEX(People!$M:$M,$K44)&"") | I44: =IF($K44="","",INDEX(People!$N:$N,$K44)&"") | J44: =IFERROR(SMALL(People!$Y$5:$Y$604,38),"") | K44: =IF($J44="","",ROUND(MOD($J44,1)*100000,0))
A45: =IF($K45="","",IF(INDEX(People!$Q:$Q,$K45)="","no date",INDEX(People!$Q:$Q,$K45))) | B45: =IF($K45="","",INDEX(People!$S:$S,$K45)) | C45: =IF($K45="","",INDEX(People!$A:$A,$K45)&"") | D45: =IF($K45="","",INDEX(People!$D:$D,$K45)&"") | E45: =IF($K45="","",INDEX(People!$B:$B,$K45)&"") | F45: =IF($K45="","",INDEX(People!$E:$E,$K45)&"") | G45: =IF($K45="","",INDEX(People!$L:$L,$K45)&"") | H45: =IF($K45="","",INDEX(People!$M:$M,$K45)&"") | I45: =IF($K45="","",INDEX(People!$N:$N,$K45)&"") | J45: =IFERROR(SMALL(People!$Y$5:$Y$604,39),"") | K45: =IF($J45="","",ROUND(MOD($J45,1)*100000,0))
A46: =IF($K46="","",IF(INDEX(People!$Q:$Q,$K46)="","no date",INDEX(People!$Q:$Q,$K46))) | B46: =IF($K46="","",INDEX(People!$S:$S,$K46)) | C46: =IF($K46="","",INDEX(People!$A:$A,$K46)&"") | D46: =IF($K46="","",INDEX(People!$D:$D,$K46)&"") | E46: =IF($K46="","",INDEX(People!$B:$B,$K46)&"") | F46: =IF($K46="","",INDEX(People!$E:$E,$K46)&"") | G46: =IF($K46="","",INDEX(People!$L:$L,$K46)&"") | H46: =IF($K46="","",INDEX(People!$M:$M,$K46)&"") | I46: =IF($K46="","",INDEX(People!$N:$N,$K46)&"") | J46: =IFERROR(SMALL(People!$Y$5:$Y$604,40),"") | K46: =IF($J46="","",ROUND(MOD($J46,1)*100000,0))
A47: =IF($K47="","",IF(INDEX(People!$Q:$Q,$K47)="","no date",INDEX(People!$Q:$Q,$K47))) | B47: =IF($K47="","",INDEX(People!$S:$S,$K47)) | C47: =IF($K47="","",INDEX(People!$A:$A,$K47)&"") | D47: =IF($K47="","",INDEX(People!$D:$D,$K47)&"") | E47: =IF($K47="","",INDEX(People!$B:$B,$K47)&"") | F47: =IF($K47="","",INDEX(People!$E:$E,$K47)&"") | G47: =IF($K47="","",INDEX(People!$L:$L,$K47)&"") | H47: =IF($K47="","",INDEX(People!$M:$M,$K47)&"") | I47: =IF($K47="","",INDEX(People!$N:$N,$K47)&"") | J47: =IFERROR(SMALL(People!$Y$5:$Y$604,41),"") | K47: =IF($J47="","",ROUND(MOD($J47,1)*100000,0))
A48: =IF($K48="","",IF(INDEX(People!$Q:$Q,$K48)="","no date",INDEX(People!$Q:$Q,$K48))) | B48: =IF($K48="","",INDEX(People!$S:$S,$K48)) | C48: =IF($K48="","",INDEX(People!$A:$A,$K48)&"") | D48: =IF($K48="","",INDEX(People!$D:$D,$K48)&"") | E48: =IF($K48="","",INDEX(People!$B:$B,$K48)&"") | F48: =IF($K48="","",INDEX(People!$E:$E,$K48)&"") | G48: =IF($K48="","",INDEX(People!$L:$L,$K48)&"") | H48: =IF($K48="","",INDEX(People!$M:$M,$K48)&"") | I48: =IF($K48="","",INDEX(People!$N:$N,$K48)&"") | J48: =IFERROR(SMALL(People!$Y$5:$Y$604,42),"") | K48: =IF($J48="","",ROUND(MOD($J48,1)*100000,0))
A49: =IF($K49="","",IF(INDEX(People!$Q:$Q,$K49)="","no date",INDEX(People!$Q:$Q,$K49))) | B49: =IF($K49="","",INDEX(People!$S:$S,$K49)) | C49: =IF($K49="","",INDEX(People!$A:$A,$K49)&"") | D49: =IF($K49="","",INDEX(People!$D:$D,$K49)&"") | E49: =IF($K49="","",INDEX(People!$B:$B,$K49)&"") | F49: =IF($K49="","",INDEX(People!$E:$E,$K49)&"") | G49: =IF($K49="","",INDEX(People!$L:$L,$K49)&"") | H49: =IF($K49="","",INDEX(People!$M:$M,$K49)&"") | I49: =IF($K49="","",INDEX(People!$N:$N,$K49)&"") | J49: =IFERROR(SMALL(People!$Y$5:$Y$604,43),"") | K49: =IF($J49="","",ROUND(MOD($J49,1)*100000,0))
A50: =IF($K50="","",IF(INDEX(People!$Q:$Q,$K50)="","no date",INDEX(People!$Q:$Q,$K50))) | B50: =IF($K50="","",INDEX(People!$S:$S,$K50)) | C50: =IF($K50="","",INDEX(People!$A:$A,$K50)&"") | D50: =IF($K50="","",INDEX(People!$D:$D,$K50)&"") | E50: =IF($K50="","",INDEX(People!$B:$B,$K50)&"") | F50: =IF($K50="","",INDEX(People!$E:$E,$K50)&"") | G50: =IF($K50="","",INDEX(People!$L:$L,$K50)&"") | H50: =IF($K50="","",INDEX(People!$M:$M,$K50)&"") | I50: =IF($K50="","",INDEX(People!$N:$N,$K50)&"") | J50: =IFERROR(SMALL(People!$Y$5:$Y$604,44),"") | K50: =IF($J50="","",ROUND(MOD($J50,1)*100000,0))
A51: =IF($K51="","",IF(INDEX(People!$Q:$Q,$K51)="","no date",INDEX(People!$Q:$Q,$K51))) | B51: =IF($K51="","",INDEX(People!$S:$S,$K51)) | C51: =IF($K51="","",INDEX(People!$A:$A,$K51)&"") | D51: =IF($K51="","",INDEX(People!$D:$D,$K51)&"") | E51: =IF($K51="","",INDEX(People!$B:$B,$K51)&"") | F51: =IF($K51="","",INDEX(People!$E:$E,$K51)&"") | G51: =IF($K51="","",INDEX(People!$L:$L,$K51)&"") | H51: =IF($K51="","",INDEX(People!$M:$M,$K51)&"") | I51: =IF($K51="","",INDEX(People!$N:$N,$K51)&"") | J51: =IFERROR(SMALL(People!$Y$5:$Y$604,45),"") | K51: =IF($J51="","",ROUND(MOD($J51,1)*100000,0))
A52: =IF($K52="","",IF(INDEX(People!$Q:$Q,$K52)="","no date",INDEX(People!$Q:$Q,$K52))) | B52: =IF($K52="","",INDEX(People!$S:$S,$K52)) | C52: =IF($K52="","",INDEX(People!$A:$A,$K52)&"") | D52: =IF($K52="","",INDEX(People!$D:$D,$K52)&"") | E52: =IF($K52="","",INDEX(People!$B:$B,$K52)&"") | F52: =IF($K52="","",INDEX(People!$E:$E,$K52)&"") | G52: =IF($K52="","",INDEX(People!$L:$L,$K52)&"") | H52: =IF($K52="","",INDEX(People!$M:$M,$K52)&"") | I52: =IF($K52="","",INDEX(People!$N:$N,$K52)&"") | J52: =IFERROR(SMALL(People!$Y$5:$Y$604,46),"") | K52: =IF($J52="","",ROUND(MOD($J52,1)*100000,0))
A53: =IF($K53="","",IF(INDEX(People!$Q:$Q,$K53)="","no date",INDEX(People!$Q:$Q,$K53))) | B53: =IF($K53="","",INDEX(People!$S:$S,$K53)) | C53: =IF($K53="","",INDEX(People!$A:$A,$K53)&"") | D53: =IF($K53="","",INDEX(People!$D:$D,$K53)&"") | E53: =IF($K53="","",INDEX(People!$B:$B,$K53)&"") | F53: =IF($K53="","",INDEX(People!$E:$E,$K53)&"") | G53: =IF($K53="","",INDEX(People!$L:$L,$K53)&"") | H53: =IF($K53="","",INDEX(People!$M:$M,$K53)&"") | I53: =IF($K53="","",INDEX(People!$N:$N,$K53)&"") | J53: =IFERROR(SMALL(People!$Y$5:$Y$604,47),"") | K53: =IF($J53="","",ROUND(MOD($J53,1)*100000,0))
A54: =IF($K54="","",IF(INDEX(People!$Q:$Q,$K54)="","no date",INDEX(People!$Q:$Q,$K54))) | B54: =IF($K54="","",INDEX(People!$S:$S,$K54)) | C54: =IF($K54="","",INDEX(People!$A:$A,$K54)&"") | D54: =IF($K54="","",INDEX(People!$D:$D,$K54)&"") | E54: =IF($K54="","",INDEX(People!$B:$B,$K54)&"") | F54: =IF($K54="","",INDEX(People!$E:$E,$K54)&"") | G54: =IF($K54="","",INDEX(People!$L:$L,$K54)&"") | H54: =IF($K54="","",INDEX(People!$M:$M,$K54)&"") | I54: =IF($K54="","",INDEX(People!$N:$N,$K54)&"") | J54: =IFERROR(SMALL(People!$Y$5:$Y$604,48),"") | K54: =IF($J54="","",ROUND(MOD($J54,1)*100000,0))
A55: =IF($K55="","",IF(INDEX(People!$Q:$Q,$K55)="","no date",INDEX(People!$Q:$Q,$K55))) | B55: =IF($K55="","",INDEX(People!$S:$S,$K55)) | C55: =IF($K55="","",INDEX(People!$A:$A,$K55)&"") | D55: =IF($K55="","",INDEX(People!$D:$D,$K55)&"") | E55: =IF($K55="","",INDEX(People!$B:$B,$K55)&"") | F55: =IF($K55="","",INDEX(People!$E:$E,$K55)&"") | G55: =IF($K55="","",INDEX(People!$L:$L,$K55)&"") | H55: =IF($K55="","",INDEX(People!$M:$M,$K55)&"") | I55: =IF($K55="","",INDEX(People!$N:$N,$K55)&"") | J55: =IFERROR(SMALL(People!$Y$5:$Y$604,49),"") | K55: =IF($J55="","",ROUND(MOD($J55,1)*100000,0))
A56: =IF($K56="","",IF(INDEX(People!$Q:$Q,$K56)="","no date",INDEX(People!$Q:$Q,$K56))) | B56: =IF($K56="","",INDEX(People!$S:$S,$K56)) | C56: =IF($K56="","",INDEX(People!$A:$A,$K56)&"") | D56: =IF($K56="","",INDEX(People!$D:$D,$K56)&"") | E56: =IF($K56="","",INDEX(People!$B:$B,$K56)&"") | F56: =IF($K56="","",INDEX(People!$E:$E,$K56)&"") | G56: =IF($K56="","",INDEX(People!$L:$L,$K56)&"") | H56: =IF($K56="","",INDEX(People!$M:$M,$K56)&"") | I56: =IF($K56="","",INDEX(People!$N:$N,$K56)&"") | J56: =IFERROR(SMALL(People!$Y$5:$Y$604,50),"") | K56: =IF($J56="","",ROUND(MOD($J56,1)*100000,0))
A57: =IF($K57="","",IF(INDEX(People!$Q:$Q,$K57)="","no date",INDEX(People!$Q:$Q,$K57))) | B57: =IF($K57="","",INDEX(People!$S:$S,$K57)) | C57: =IF($K57="","",INDEX(People!$A:$A,$K57)&"") | D57: =IF($K57="","",INDEX(People!$D:$D,$K57)&"") | E57: =IF($K57="","",INDEX(People!$B:$B,$K57)&"") | F57: =IF($K57="","",INDEX(People!$E:$E,$K57)&"") | G57: =IF($K57="","",INDEX(People!$L:$L,$K57)&"") | H57: =IF($K57="","",INDEX(People!$M:$M,$K57)&"") | I57: =IF($K57="","",INDEX(People!$N:$N,$K57)&"") | J57: =IFERROR(SMALL(People!$Y$5:$Y$604,51),"") | K57: =IF($J57="","",ROUND(MOD($J57,1)*100000,0))
A58: =IF($K58="","",IF(INDEX(People!$Q:$Q,$K58)="","no date",INDEX(People!$Q:$Q,$K58))) | B58: =IF($K58="","",INDEX(People!$S:$S,$K58)) | C58: =IF($K58="","",INDEX(People!$A:$A,$K58)&"") | D58: =IF($K58="","",INDEX(People!$D:$D,$K58)&"") | E58: =IF($K58="","",INDEX(People!$B:$B,$K58)&"") | F58: =IF($K58="","",INDEX(People!$E:$E,$K58)&"") | G58: =IF($K58="","",INDEX(People!$L:$L,$K58)&"") | H58: =IF($K58="","",INDEX(People!$M:$M,$K58)&"") | I58: =IF($K58="","",INDEX(People!$N:$N,$K58)&"") | J58: =IFERROR(SMALL(People!$Y$5:$Y$604,52),"") | K58: =IF($J58="","",ROUND(MOD($J58,1)*100000,0))
A59: =IF($K59="","",IF(INDEX(People!$Q:$Q,$K59)="","no date",INDEX(People!$Q:$Q,$K59))) | B59: =IF($K59="","",INDEX(People!$S:$S,$K59)) | C59: =IF($K59="","",INDEX(People!$A:$A,$K59)&"") | D59: =IF($K59="","",INDEX(People!$D:$D,$K59)&"") | E59: =IF($K59="","",INDEX(People!$B:$B,$K59)&"") | F59: =IF($K59="","",INDEX(People!$E:$E,$K59)&"") | G59: =IF($K59="","",INDEX(People!$L:$L,$K59)&"") | H59: =IF($K59="","",INDEX(People!$M:$M,$K59)&"") | I59: =IF($K59="","",INDEX(People!$N:$N,$K59)&"") | J59: =IFERROR(SMALL(People!$Y$5:$Y$604,53),"") | K59: =IF($J59="","",ROUND(MOD($J59,1)*100000,0))
A60: =IF($K60="","",IF(INDEX(People!$Q:$Q,$K60)="","no date",INDEX(People!$Q:$Q,$K60))) | B60: =IF($K60="","",INDEX(People!$S:$S,$K60)) | C60: =IF($K60="","",INDEX(People!$A:$A,$K60)&"") | D60: =IF($K60="","",INDEX(People!$D:$D,$K60)&"") | E60: =IF($K60="","",INDEX(People!$B:$B,$K60)&"") | F60: =IF($K60="","",INDEX(People!$E:$E,$K60)&"") | G60: =IF($K60="","",INDEX(People!$L:$L,$K60)&"") | H60: =IF($K60="","",INDEX(People!$M:$M,$K60)&"") | I60: =IF($K60="","",INDEX(People!$N:$N,$K60)&"") | J60: =IFERROR(SMALL(People!$Y$5:$Y$604,54),"") | K60: =IF($J60="","",ROUND(MOD($J60,1)*100000,0))
A61: =IF($K61="","",IF(INDEX(People!$Q:$Q,$K61)="","no date",INDEX(People!$Q:$Q,$K61))) | B61: =IF($K61="","",INDEX(People!$S:$S,$K61)) | C61: =IF($K61="","",INDEX(People!$A:$A,$K61)&"") | D61: =IF($K61="","",INDEX(People!$D:$D,$K61)&"") | E61: =IF($K61="","",INDEX(People!$B:$B,$K61)&"") | F61: =IF($K61="","",INDEX(People!$E:$E,$K61)&"") | G61: =IF($K61="","",INDEX(People!$L:$L,$K61)&"") | H61: =IF($K61="","",INDEX(People!$M:$M,$K61)&"") | I61: =IF($K61="","",INDEX(People!$N:$N,$K61)&"") | J61: =IFERROR(SMALL(People!$Y$5:$Y$604,55),"") | K61: =IF($J61="","",ROUND(MOD($J61,1)*100000,0))
A62: =IF($K62="","",IF(INDEX(People!$Q:$Q,$K62)="","no date",INDEX(People!$Q:$Q,$K62))) | B62: =IF($K62="","",INDEX(People!$S:$S,$K62)) | C62: =IF($K62="","",INDEX(People!$A:$A,$K62)&"") | D62: =IF($K62="","",INDEX(People!$D:$D,$K62)&"") | E62: =IF($K62="","",INDEX(People!$B:$B,$K62)&"") | F62: =IF($K62="","",INDEX(People!$E:$E,$K62)&"") | G62: =IF($K62="","",INDEX(People!$L:$L,$K62)&"") | H62: =IF($K62="","",INDEX(People!$M:$M,$K62)&"") | I62: =IF($K62="","",INDEX(People!$N:$N,$K62)&"") | J62: =IFERROR(SMALL(People!$Y$5:$Y$604,56),"") | K62: =IF($J62="","",ROUND(MOD($J62,1)*100000,0))
A63: =IF($K63="","",IF(INDEX(People!$Q:$Q,$K63)="","no date",INDEX(People!$Q:$Q,$K63))) | B63: =IF($K63="","",INDEX(People!$S:$S,$K63)) | C63: =IF($K63="","",INDEX(People!$A:$A,$K63)&"") | D63: =IF($K63="","",INDEX(People!$D:$D,$K63)&"") | E63: =IF($K63="","",INDEX(People!$B:$B,$K63)&"") | F63: =IF($K63="","",INDEX(People!$E:$E,$K63)&"") | G63: =IF($K63="","",INDEX(People!$L:$L,$K63)&"") | H63: =IF($K63="","",INDEX(People!$M:$M,$K63)&"") | I63: =IF($K63="","",INDEX(People!$N:$N,$K63)&"") | J63: =IFERROR(SMALL(People!$Y$5:$Y$604,57),"") | K63: =IF($J63="","",ROUND(MOD($J63,1)*100000,0))
A64: =IF($K64="","",IF(INDEX(People!$Q:$Q,$K64)="","no date",INDEX(People!$Q:$Q,$K64))) | B64: =IF($K64="","",INDEX(People!$S:$S,$K64)) | C64: =IF($K64="","",INDEX(People!$A:$A,$K64)&"") | D64: =IF($K64="","",INDEX(People!$D:$D,$K64)&"") | E64: =IF($K64="","",INDEX(People!$B:$B,$K64)&"") | F64: =IF($K64="","",INDEX(People!$E:$E,$K64)&"") | G64: =IF($K64="","",INDEX(People!$L:$L,$K64)&"") | H64: =IF($K64="","",INDEX(People!$M:$M,$K64)&"") | I64: =IF($K64="","",INDEX(People!$N:$N,$K64)&"") | J64: =IFERROR(SMALL(People!$Y$5:$Y$604,58),"") | K64: =IF($J64="","",ROUND(MOD($J64,1)*100000,0))
A65: =IF($K65="","",IF(INDEX(People!$Q:$Q,$K65)="","no date",INDEX(People!$Q:$Q,$K65))) | B65: =IF($K65="","",INDEX(People!$S:$S,$K65)) | C65: =IF($K65="","",INDEX(People!$A:$A,$K65)&"") | D65: =IF($K65="","",INDEX(People!$D:$D,$K65)&"") | E65: =IF($K65="","",INDEX(People!$B:$B,$K65)&"") | F65: =IF($K65="","",INDEX(People!$E:$E,$K65)&"") | G65: =IF($K65="","",INDEX(People!$L:$L,$K65)&"") | H65: =IF($K65="","",INDEX(People!$M:$M,$K65)&"") | I65: =IF($K65="","",INDEX(People!$N:$N,$K65)&"") | J65: =IFERROR(SMALL(People!$Y$5:$Y$604,59),"") | K65: =IF($J65="","",ROUND(MOD($J65,1)*100000,0))
A66: =IF($K66="","",IF(INDEX(People!$Q:$Q,$K66)="","no date",INDEX(People!$Q:$Q,$K66))) | B66: =IF($K66="","",INDEX(People!$S:$S,$K66)) | C66: =IF($K66="","",INDEX(People!$A:$A,$K66)&"") | D66: =IF($K66="","",INDEX(People!$D:$D,$K66)&"") | E66: =IF($K66="","",INDEX(People!$B:$B,$K66)&"") | F66: =IF($K66="","",INDEX(People!$E:$E,$K66)&"") | G66: =IF($K66="","",INDEX(People!$L:$L,$K66)&"") | H66: =IF($K66="","",INDEX(People!$M:$M,$K66)&"") | I66: =IF($K66="","",INDEX(People!$N:$N,$K66)&"") | J66: =IFERROR(SMALL(People!$Y$5:$Y$604,60),"") | K66: =IF($J66="","",ROUND(MOD($J66,1)*100000,0))
A67: =IF($K67="","",IF(INDEX(People!$Q:$Q,$K67)="","no date",INDEX(People!$Q:$Q,$K67))) | B67: =IF($K67="","",INDEX(People!$S:$S,$K67)) | C67: =IF($K67="","",INDEX(People!$A:$A,$K67)&"") | D67: =IF($K67="","",INDEX(People!$D:$D,$K67)&"") | E67: =IF($K67="","",INDEX(People!$B:$B,$K67)&"") | F67: =IF($K67="","",INDEX(People!$E:$E,$K67)&"") | G67: =IF($K67="","",INDEX(People!$L:$L,$K67)&"") | H67: =IF($K67="","",INDEX(People!$M:$M,$K67)&"") | I67: =IF($K67="","",INDEX(People!$N:$N,$K67)&"") | J67: =IFERROR(SMALL(People!$Y$5:$Y$604,61),"") | K67: =IF($J67="","",ROUND(MOD($J67,1)*100000,0))
A68: =IF($K68="","",IF(INDEX(People!$Q:$Q,$K68)="","no date",INDEX(People!$Q:$Q,$K68))) | B68: =IF($K68="","",INDEX(People!$S:$S,$K68)) | C68: =IF($K68="","",INDEX(People!$A:$A,$K68)&"") | D68: =IF($K68="","",INDEX(People!$D:$D,$K68)&"") | E68: =IF($K68="","",INDEX(People!$B:$B,$K68)&"") | F68: =IF($K68="","",INDEX(People!$E:$E,$K68)&"") | G68: =IF($K68="","",INDEX(People!$L:$L,$K68)&"") | H68: =IF($K68="","",INDEX(People!$M:$M,$K68)&"") | I68: =IF($K68="","",INDEX(People!$N:$N,$K68)&"") | J68: =IFERROR(SMALL(People!$Y$5:$Y$604,62),"") | K68: =IF($J68="","",ROUND(MOD($J68,1)*100000,0))
A69: =IF($K69="","",IF(INDEX(People!$Q:$Q,$K69)="","no date",INDEX(People!$Q:$Q,$K69))) | B69: =IF($K69="","",INDEX(People!$S:$S,$K69)) | C69: =IF($K69="","",INDEX(People!$A:$A,$K69)&"") | D69: =IF($K69="","",INDEX(People!$D:$D,$K69)&"") | E69: =IF($K69="","",INDEX(People!$B:$B,$K69)&"") | F69: =IF($K69="","",INDEX(People!$E:$E,$K69)&"") | G69: =IF($K69="","",INDEX(People!$L:$L,$K69)&"") | H69: =IF($K69="","",INDEX(People!$M:$M,$K69)&"") | I69: =IF($K69="","",INDEX(People!$N:$N,$K69)&"") | J69: =IFERROR(SMALL(People!$Y$5:$Y$604,63),"") | K69: =IF($J69="","",ROUND(MOD($J69,1)*100000,0))
A70: =IF($K70="","",IF(INDEX(People!$Q:$Q,$K70)="","no date",INDEX(People!$Q:$Q,$K70))) | B70: =IF($K70="","",INDEX(People!$S:$S,$K70)) | C70: =IF($K70="","",INDEX(People!$A:$A,$K70)&"") | D70: =IF($K70="","",INDEX(People!$D:$D,$K70)&"") | E70: =IF($K70="","",INDEX(People!$B:$B,$K70)&"") | F70: =IF($K70="","",INDEX(People!$E:$E,$K70)&"") | G70: =IF($K70="","",INDEX(People!$L:$L,$K70)&"") | H70: =IF($K70="","",INDEX(People!$M:$M,$K70)&"") | I70: =IF($K70="","",INDEX(People!$N:$N,$K70)&"") | J70: =IFERROR(SMALL(People!$Y$5:$Y$604,64),"") | K70: =IF($J70="","",ROUND(MOD($J70,1)*100000,0))
A71: =IF($K71="","",IF(INDEX(People!$Q:$Q,$K71)="","no date",INDEX(People!$Q:$Q,$K71))) | B71: =IF($K71="","",INDEX(People!$S:$S,$K71)) | C71: =IF($K71="","",INDEX(People!$A:$A,$K71)&"") | D71: =IF($K71="","",INDEX(People!$D:$D,$K71)&"") | E71: =IF($K71="","",INDEX(People!$B:$B,$K71)&"") | F71: =IF($K71="","",INDEX(People!$E:$E,$K71)&"") | G71: =IF($K71="","",INDEX(People!$L:$L,$K71)&"") | H71: =IF($K71="","",INDEX(People!$M:$M,$K71)&"") | I71: =IF($K71="","",INDEX(People!$N:$N,$K71)&"") | J71: =IFERROR(SMALL(People!$Y$5:$Y$604,65),"") | K71: =IF($J71="","",ROUND(MOD($J71,1)*100000,0))
A72: =IF($K72="","",IF(INDEX(People!$Q:$Q,$K72)="","no date",INDEX(People!$Q:$Q,$K72))) | B72: =IF($K72="","",INDEX(People!$S:$S,$K72)) | C72: =IF($K72="","",INDEX(People!$A:$A,$K72)&"") | D72: =IF($K72="","",INDEX(People!$D:$D,$K72)&"") | E72: =IF($K72="","",INDEX(People!$B:$B,$K72)&"") | F72: =IF($K72="","",INDEX(People!$E:$E,$K72)&"") | G72: =IF($K72="","",INDEX(People!$L:$L,$K72)&"") | H72: =IF($K72="","",INDEX(People!$M:$M,$K72)&"") | I72: =IF($K72="","",INDEX(People!$N:$N,$K72)&"") | J72: =IFERROR(SMALL(People!$Y$5:$Y$604,66),"") | K72: =IF($J72="","",ROUND(MOD($J72,1)*100000,0))
A73: =IF($K73="","",IF(INDEX(People!$Q:$Q,$K73)="","no date",INDEX(People!$Q:$Q,$K73))) | B73: =IF($K73="","",INDEX(People!$S:$S,$K73)) | C73: =IF($K73="","",INDEX(People!$A:$A,$K73)&"") | D73: =IF($K73="","",INDEX(People!$D:$D,$K73)&"") | E73: =IF($K73="","",INDEX(People!$B:$B,$K73)&"") | F73: =IF($K73="","",INDEX(People!$E:$E,$K73)&"") | G73: =IF($K73="","",INDEX(People!$L:$L,$K73)&"") | H73: =IF($K73="","",INDEX(People!$M:$M,$K73)&"") | I73: =IF($K73="","",INDEX(People!$N:$N,$K73)&"") | J73: =IFERROR(SMALL(People!$Y$5:$Y$604,67),"") | K73: =IF($J73="","",ROUND(MOD($J73,1)*100000,0))
A74: =IF($K74="","",IF(INDEX(People!$Q:$Q,$K74)="","no date",INDEX(People!$Q:$Q,$K74))) | B74: =IF($K74="","",INDEX(People!$S:$S,$K74)) | C74: =IF($K74="","",INDEX(People!$A:$A,$K74)&"") | D74: =IF($K74="","",INDEX(People!$D:$D,$K74)&"") | E74: =IF($K74="","",INDEX(People!$B:$B,$K74)&"") | F74: =IF($K74="","",INDEX(People!$E:$E,$K74)&"") | G74: =IF($K74="","",INDEX(People!$L:$L,$K74)&"") | H74: =IF($K74="","",INDEX(People!$M:$M,$K74)&"") | I74: =IF($K74="","",INDEX(People!$N:$N,$K74)&"") | J74: =IFERROR(SMALL(People!$Y$5:$Y$604,68),"") | K74: =IF($J74="","",ROUND(MOD($J74,1)*100000,0))
A75: =IF($K75="","",IF(INDEX(People!$Q:$Q,$K75)="","no date",INDEX(People!$Q:$Q,$K75))) | B75: =IF($K75="","",INDEX(People!$S:$S,$K75)) | C75: =IF($K75="","",INDEX(People!$A:$A,$K75)&"") | D75: =IF($K75="","",INDEX(People!$D:$D,$K75)&"") | E75: =IF($K75="","",INDEX(People!$B:$B,$K75)&"") | F75: =IF($K75="","",INDEX(People!$E:$E,$K75)&"") | G75: =IF($K75="","",INDEX(People!$L:$L,$K75)&"") | H75: =IF($K75="","",INDEX(People!$M:$M,$K75)&"") | I75: =IF($K75="","",INDEX(People!$N:$N,$K75)&"") | J75: =IFERROR(SMALL(People!$Y$5:$Y$604,69),"") | K75: =IF($J75="","",ROUND(MOD($J75,1)*100000,0))
A76: =IF($K76="","",IF(INDEX(People!$Q:$Q,$K76)="","no date",INDEX(People!$Q:$Q,$K76))) | B76: =IF($K76="","",INDEX(People!$S:$S,$K76)) | C76: =IF($K76="","",INDEX(People!$A:$A,$K76)&"") | D76: =IF($K76="","",INDEX(People!$D:$D,$K76)&"") | E76: =IF($K76="","",INDEX(People!$B:$B,$K76)&"") | F76: =IF($K76="","",INDEX(People!$E:$E,$K76)&"") | G76: =IF($K76="","",INDEX(People!$L:$L,$K76)&"") | H76: =IF($K76="","",INDEX(People!$M:$M,$K76)&"") | I76: =IF($K76="","",INDEX(People!$N:$N,$K76)&"") | J76: =IFERROR(SMALL(People!$Y$5:$Y$604,70),"") | K76: =IF($J76="","",ROUND(MOD($J76,1)*100000,0))
A77: =IF($K77="","",IF(INDEX(People!$Q:$Q,$K77)="","no date",INDEX(People!$Q:$Q,$K77))) | B77: =IF($K77="","",INDEX(People!$S:$S,$K77)) | C77: =IF($K77="","",INDEX(People!$A:$A,$K77)&"") | D77: =IF($K77="","",INDEX(People!$D:$D,$K77)&"") | E77: =IF($K77="","",INDEX(People!$B:$B,$K77)&"") | F77: =IF($K77="","",INDEX(People!$E:$E,$K77)&"") | G77: =IF($K77="","",INDEX(People!$L:$L,$K77)&"") | H77: =IF($K77="","",INDEX(People!$M:$M,$K77)&"") | I77: =IF($K77="","",INDEX(People!$N:$N,$K77)&"") | J77: =IFERROR(SMALL(People!$Y$5:$Y$604,71),"") | K77: =IF($J77="","",ROUND(MOD($J77,1)*100000,0))
A78: =IF($K78="","",IF(INDEX(People!$Q:$Q,$K78)="","no date",INDEX(People!$Q:$Q,$K78))) | B78: =IF($K78="","",INDEX(People!$S:$S,$K78)) | C78: =IF($K78="","",INDEX(People!$A:$A,$K78)&"") | D78: =IF($K78="","",INDEX(People!$D:$D,$K78)&"") | E78: =IF($K78="","",INDEX(People!$B:$B,$K78)&"") | F78: =IF($K78="","",INDEX(People!$E:$E,$K78)&"") | G78: =IF($K78="","",INDEX(People!$L:$L,$K78)&"") | H78: =IF($K78="","",INDEX(People!$M:$M,$K78)&"") | I78: =IF($K78="","",INDEX(People!$N:$N,$K78)&"") | J78: =IFERROR(SMALL(People!$Y$5:$Y$604,72),"") | K78: =IF($J78="","",ROUND(MOD($J78,1)*100000,0))
A79: =IF($K79="","",IF(INDEX(People!$Q:$Q,$K79)="","no date",INDEX(People!$Q:$Q,$K79))) | B79: =IF($K79="","",INDEX(People!$S:$S,$K79)) | C79: =IF($K79="","",INDEX(People!$A:$A,$K79)&"") | D79: =IF($K79="","",INDEX(People!$D:$D,$K79)&"") | E79: =IF($K79="","",INDEX(People!$B:$B,$K79)&"") | F79: =IF($K79="","",INDEX(People!$E:$E,$K79)&"") | G79: =IF($K79="","",INDEX(People!$L:$L,$K79)&"") | H79: =IF($K79="","",INDEX(People!$M:$M,$K79)&"") | I79: =IF($K79="","",INDEX(People!$N:$N,$K79)&"") | J79: =IFERROR(SMALL(People!$Y$5:$Y$604,73),"") | K79: =IF($J79="","",ROUND(MOD($J79,1)*100000,0))
A80: =IF($K80="","",IF(INDEX(People!$Q:$Q,$K80)="","no date",INDEX(People!$Q:$Q,$K80))) | B80: =IF($K80="","",INDEX(People!$S:$S,$K80)) | C80: =IF($K80="","",INDEX(People!$A:$A,$K80)&"") | D80: =IF($K80="","",INDEX(People!$D:$D,$K80)&"") | E80: =IF($K80="","",INDEX(People!$B:$B,$K80)&"") | F80: =IF($K80="","",INDEX(People!$E:$E,$K80)&"") | G80: =IF($K80="","",INDEX(People!$L:$L,$K80)&"") | H80: =IF($K80="","",INDEX(People!$M:$M,$K80)&"") | I80: =IF($K80="","",INDEX(People!$N:$N,$K80)&"") | J80: =IFERROR(SMALL(People!$Y$5:$Y$604,74),"") | K80: =IF($J80="","",ROUND(MOD($J80,1)*100000,0))
A81: =IF($K81="","",IF(INDEX(People!$Q:$Q,$K81)="","no date",INDEX(People!$Q:$Q,$K81))) | B81: =IF($K81="","",INDEX(People!$S:$S,$K81)) | C81: =IF($K81="","",INDEX(People!$A:$A,$K81)&"") | D81: =IF($K81="","",INDEX(People!$D:$D,$K81)&"") | E81: =IF($K81="","",INDEX(People!$B:$B,$K81)&"") | F81: =IF($K81="","",INDEX(People!$E:$E,$K81)&"") | G81: =IF($K81="","",INDEX(People!$L:$L,$K81)&"") | H81: =IF($K81="","",INDEX(People!$M:$M,$K81)&"") | I81: =IF($K81="","",INDEX(People!$N:$N,$K81)&"") | J81: =IFERROR(SMALL(People!$Y$5:$Y$604,75),"") | K81: =IF($J81="","",ROUND(MOD($J81,1)*100000,0))
A82: =IF($K82="","",IF(INDEX(People!$Q:$Q,$K82)="","no date",INDEX(People!$Q:$Q,$K82))) | B82: =IF($K82="","",INDEX(People!$S:$S,$K82)) | C82: =IF($K82="","",INDEX(People!$A:$A,$K82)&"") | D82: =IF($K82="","",INDEX(People!$D:$D,$K82)&"") | E82: =IF($K82="","",INDEX(People!$B:$B,$K82)&"") | F82: =IF($K82="","",INDEX(People!$E:$E,$K82)&"") | G82: =IF($K82="","",INDEX(People!$L:$L,$K82)&"") | H82: =IF($K82="","",INDEX(People!$M:$M,$K82)&"") | I82: =IF($K82="","",INDEX(People!$N:$N,$K82)&"") | J82: =IFERROR(SMALL(People!$Y$5:$Y$604,76),"") | K82: =IF($J82="","",ROUND(MOD($J82,1)*100000,0))
A83: =IF($K83="","",IF(INDEX(People!$Q:$Q,$K83)="","no date",INDEX(People!$Q:$Q,$K83))) | B83: =IF($K83="","",INDEX(People!$S:$S,$K83)) | C83: =IF($K83="","",INDEX(People!$A:$A,$K83)&"") | D83: =IF($K83="","",INDEX(People!$D:$D,$K83)&"") | E83: =IF($K83="","",INDEX(People!$B:$B,$K83)&"") | F83: =IF($K83="","",INDEX(People!$E:$E,$K83)&"") | G83: =IF($K83="","",INDEX(People!$L:$L,$K83)&"") | H83: =IF($K83="","",INDEX(People!$M:$M,$K83)&"") | I83: =IF($K83="","",INDEX(People!$N:$N,$K83)&"") | J83: =IFERROR(SMALL(People!$Y$5:$Y$604,77),"") | K83: =IF($J83="","",ROUND(MOD($J83,1)*100000,0))
A84: =IF($K84="","",IF(INDEX(People!$Q:$Q,$K84)="","no date",INDEX(People!$Q:$Q,$K84))) | B84: =IF($K84="","",INDEX(People!$S:$S,$K84)) | C84: =IF($K84="","",INDEX(People!$A:$A,$K84)&"") | D84: =IF($K84="","",INDEX(People!$D:$D,$K84)&"") | E84: =IF($K84="","",INDEX(People!$B:$B,$K84)&"") | F84: =IF($K84="","",INDEX(People!$E:$E,$K84)&"") | G84: =IF($K84="","",INDEX(People!$L:$L,$K84)&"") | H84: =IF($K84="","",INDEX(People!$M:$M,$K84)&"") | I84: =IF($K84="","",INDEX(People!$N:$N,$K84)&"") | J84: =IFERROR(SMALL(People!$Y$5:$Y$604,78),"") | K84: =IF($J84="","",ROUND(MOD($J84,1)*100000,0))
A85: =IF($K85="","",IF(INDEX(People!$Q:$Q,$K85)="","no date",INDEX(People!$Q:$Q,$K85))) | B85: =IF($K85="","",INDEX(People!$S:$S,$K85)) | C85: =IF($K85="","",INDEX(People!$A:$A,$K85)&"") | D85: =IF($K85="","",INDEX(People!$D:$D,$K85)&"") | E85: =IF($K85="","",INDEX(People!$B:$B,$K85)&"") | F85: =IF($K85="","",INDEX(People!$E:$E,$K85)&"") | G85: =IF($K85="","",INDEX(People!$L:$L,$K85)&"") | H85: =IF($K85="","",INDEX(People!$M:$M,$K85)&"") | I85: =IF($K85="","",INDEX(People!$N:$N,$K85)&"") | J85: =IFERROR(SMALL(People!$Y$5:$Y$604,79),"") | K85: =IF($J85="","",ROUND(MOD($J85,1)*100000,0))
A86: =IF($K86="","",IF(INDEX(People!$Q:$Q,$K86)="","no date",INDEX(People!$Q:$Q,$K86))) | B86: =IF($K86="","",INDEX(People!$S:$S,$K86)) | C86: =IF($K86="","",INDEX(People!$A:$A,$K86)&"") | D86: =IF($K86="","",INDEX(People!$D:$D,$K86)&"") | E86: =IF($K86="","",INDEX(People!$B:$B,$K86)&"") | F86: =IF($K86="","",INDEX(People!$E:$E,$K86)&"") | G86: =IF($K86="","",INDEX(People!$L:$L,$K86)&"") | H86: =IF($K86="","",INDEX(People!$M:$M,$K86)&"") | I86: =IF($K86="","",INDEX(People!$N:$N,$K86)&"") | J86: =IFERROR(SMALL(People!$Y$5:$Y$604,80),"") | K86: =IF($J86="","",ROUND(MOD($J86,1)*100000,0))
A87: =IF($K87="","",IF(INDEX(People!$Q:$Q,$K87)="","no date",INDEX(People!$Q:$Q,$K87))) | B87: =IF($K87="","",INDEX(People!$S:$S,$K87)) | C87: =IF($K87="","",INDEX(People!$A:$A,$K87)&"") | D87: =IF($K87="","",INDEX(People!$D:$D,$K87)&"") | E87: =IF($K87="","",INDEX(People!$B:$B,$K87)&"") | F87: =IF($K87="","",INDEX(People!$E:$E,$K87)&"") | G87: =IF($K87="","",INDEX(People!$L:$L,$K87)&"") | H87: =IF($K87="","",INDEX(People!$M:$M,$K87)&"") | I87: =IF($K87="","",INDEX(People!$N:$N,$K87)&"") | J87: =IFERROR(SMALL(People!$Y$5:$Y$604,81),"") | K87: =IF($J87="","",ROUND(MOD($J87,1)*100000,0))
A88: =IF($K88="","",IF(INDEX(People!$Q:$Q,$K88)="","no date",INDEX(People!$Q:$Q,$K88))) | B88: =IF($K88="","",INDEX(People!$S:$S,$K88)) | C88: =IF($K88="","",INDEX(People!$A:$A,$K88)&"") | D88: =IF($K88="","",INDEX(People!$D:$D,$K88)&"") | E88: =IF($K88="","",INDEX(People!$B:$B,$K88)&"") | F88: =IF($K88="","",INDEX(People!$E:$E,$K88)&"") | G88: =IF($K88="","",INDEX(People!$L:$L,$K88)&"") | H88: =IF($K88="","",INDEX(People!$M:$M,$K88)&"") | I88: =IF($K88="","",INDEX(People!$N:$N,$K88)&"") | J88: =IFERROR(SMALL(People!$Y$5:$Y$604,82),"") | K88: =IF($J88="","",ROUND(MOD($J88,1)*100000,0))
A89: =IF($K89="","",IF(INDEX(People!$Q:$Q,$K89)="","no date",INDEX(People!$Q:$Q,$K89))) | B89: =IF($K89="","",INDEX(People!$S:$S,$K89)) | C89: =IF($K89="","",INDEX(People!$A:$A,$K89)&"") | D89: =IF($K89="","",INDEX(People!$D:$D,$K89)&"") | E89: =IF($K89="","",INDEX(People!$B:$B,$K89)&"") | F89: =IF($K89="","",INDEX(People!$E:$E,$K89)&"") | G89: =IF($K89="","",INDEX(People!$L:$L,$K89)&"") | H89: =IF($K89="","",INDEX(People!$M:$M,$K89)&"") | I89: =IF($K89="","",INDEX(People!$N:$N,$K89)&"") | J89: =IFERROR(SMALL(People!$Y$5:$Y$604,83),"") | K89: =IF($J89="","",ROUND(MOD($J89,1)*100000,0))
A90: =IF($K90="","",IF(INDEX(People!$Q:$Q,$K90)="","no date",INDEX(People!$Q:$Q,$K90))) | B90: =IF($K90="","",INDEX(People!$S:$S,$K90)) | C90: =IF($K90="","",INDEX(People!$A:$A,$K90)&"") | D90: =IF($K90="","",INDEX(People!$D:$D,$K90)&"") | E90: =IF($K90="","",INDEX(People!$B:$B,$K90)&"") | F90: =IF($K90="","",INDEX(People!$E:$E,$K90)&"") | G90: =IF($K90="","",INDEX(People!$L:$L,$K90)&"") | H90: =IF($K90="","",INDEX(People!$M:$M,$K90)&"") | I90: =IF($K90="","",INDEX(People!$N:$N,$K90)&"") | J90: =IFERROR(SMALL(People!$Y$5:$Y$604,84),"") | K90: =IF($J90="","",ROUND(MOD($J90,1)*100000,0))
A91: =IF($K91="","",IF(INDEX(People!$Q:$Q,$K91)="","no date",INDEX(People!$Q:$Q,$K91))) | B91: =IF($K91="","",INDEX(People!$S:$S,$K91)) | C91: =IF($K91="","",INDEX(People!$A:$A,$K91)&"") | D91: =IF($K91="","",INDEX(People!$D:$D,$K91)&"") | E91: =IF($K91="","",INDEX(People!$B:$B,$K91)&"") | F91: =IF($K91="","",INDEX(People!$E:$E,$K91)&"") | G91: =IF($K91="","",INDEX(People!$L:$L,$K91)&"") | H91: =IF($K91="","",INDEX(People!$M:$M,$K91)&"") | I91: =IF($K91="","",INDEX(People!$N:$N,$K91)&"") | J91: =IFERROR(SMALL(People!$Y$5:$Y$604,85),"") | K91: =IF($J91="","",ROUND(MOD($J91,1)*100000,0))
A92: =IF($K92="","",IF(INDEX(People!$Q:$Q,$K92)="","no date",INDEX(People!$Q:$Q,$K92))) | B92: =IF($K92="","",INDEX(People!$S:$S,$K92)) | C92: =IF($K92="","",INDEX(People!$A:$A,$K92)&"") | D92: =IF($K92="","",INDEX(People!$D:$D,$K92)&"") | E92: =IF($K92="","",INDEX(People!$B:$B,$K92)&"") | F92: =IF($K92="","",INDEX(People!$E:$E,$K92)&"") | G92: =IF($K92="","",INDEX(People!$L:$L,$K92)&"") | H92: =IF($K92="","",INDEX(People!$M:$M,$K92)&"") | I92: =IF($K92="","",INDEX(People!$N:$N,$K92)&"") | J92: =IFERROR(SMALL(People!$Y$5:$Y$604,86),"") | K92: =IF($J92="","",ROUND(MOD($J92,1)*100000,0))
A93: =IF($K93="","",IF(INDEX(People!$Q:$Q,$K93)="","no date",INDEX(People!$Q:$Q,$K93))) | B93: =IF($K93="","",INDEX(People!$S:$S,$K93)) | C93: =IF($K93="","",INDEX(People!$A:$A,$K93)&"") | D93: =IF($K93="","",INDEX(People!$D:$D,$K93)&"") | E93: =IF($K93="","",INDEX(People!$B:$B,$K93)&"") | F93: =IF($K93="","",INDEX(People!$E:$E,$K93)&"") | G93: =IF($K93="","",INDEX(People!$L:$L,$K93)&"") | H93: =IF($K93="","",INDEX(People!$M:$M,$K93)&"") | I93: =IF($K93="","",INDEX(People!$N:$N,$K93)&"") | J93: =IFERROR(SMALL(People!$Y$5:$Y$604,87),"") | K93: =IF($J93="","",ROUND(MOD($J93,1)*100000,0))
A94: =IF($K94="","",IF(INDEX(People!$Q:$Q,$K94)="","no date",INDEX(People!$Q:$Q,$K94))) | B94: =IF($K94="","",INDEX(People!$S:$S,$K94)) | C94: =IF($K94="","",INDEX(People!$A:$A,$K94)&"") | D94: =IF($K94="","",INDEX(People!$D:$D,$K94)&"") | E94: =IF($K94="","",INDEX(People!$B:$B,$K94)&"") | F94: =IF($K94="","",INDEX(People!$E:$E,$K94)&"") | G94: =IF($K94="","",INDEX(People!$L:$L,$K94)&"") | H94: =IF($K94="","",INDEX(People!$M:$M,$K94)&"") | I94: =IF($K94="","",INDEX(People!$N:$N,$K94)&"") | J94: =IFERROR(SMALL(People!$Y$5:$Y$604,88),"") | K94: =IF($J94="","",ROUND(MOD($J94,1)*100000,0))
